system:index,end_month_exclusive,high_elevation_area_km2,high_elevation_m,land_area_km2,ndwi_mean,ndwi_stdDev,ndwi_threshold,snow_area_fraction_gt_0_1,snow_fraction_all,snow_fraction_high_elevation,start_month,water_area_km2,year,.geo
1_1_1_1_1_1_1_1_1_1_1_1_1_1_1_1_1_1_1_1_1_1_1_1_1_1_1_1_1_1_1_1_1_1_1_1_1_1_1_1_1_1_1_1_1_1_1_1_1_1_1_1_1_1_1_1_1_1_1_1_1_1_1_1_1_1_1_1_1_1_1_1_1_1_1_1_1_1_1_1_1_1_1_1_1_1_1_1_1_1_1_1_1_1_1_1_1_1_1_1_1_1_1_1_1_1_1_1_1_1_1_1_1_1_1_1_1_1_1_1_1_1_1_1_1_1_1_1_1_1_1_1_1_1_1_1_1_1_1_1_1_1_1_1_1_1_1_1_1_1_1_1_1_1_1_1_1_1_1_1_1_1_1_1_1_1_1_1_1_1_1_1_1_1_1_1_1_1_1_1_1_1_1_1_1_1_1_1_1_1_1_1_1_1_1_1_1_1_1_2_0,10,58264.123442630465,2500,327053.2665346112,-0.3713514664460181,0.2054484565318731,0,0.26716715375153766,0.08538165715488814,0.2181286670596662,4,6588.60358188386,2000,"{""type"":""MultiPoint"",""coordinates"":[]}"
1_1_1_1_1_1_1_1_1_1_1_1_1_1_1_1_1_1_1_1_1_1_1_1_1_1_1_1_1_1_1_1_1_1_1_1_1_1_1_1_1_1_1_1_1_1_1_1_1_1_1_1_1_1_1_1_1_1_1_1_1_1_1_1_1_1_1_1_1_1_1_1_1_1_1_1_1_1_1_1_1_1_1_1_1_1_1_1_1_1_1_1_1_1_1_1_1_1_1_1_1_1_1_1_1_1_1_1_1_1_1_1_1_1_1_1_1_1_1_1_1_1_1_1_1_1_1_1_1_1_1_1_1_1_1_1_1_1_1_1_1_1_1_1_1_1_1_1_1_1_1_1_1_1_1_1_1_1_1_1_1_1_1_1_1_1_1_1_1_1_1_1_1_1_1_1_1_1_1_1_1_1_1_1_1_1_1_1_1_1_1_1_1_1_1_1_1_1_2_0,10,58264.123442630465,2500,331968.17543765425,-0.3713514664460181,0.2054484565318731,0.1,0.26716715375153766,0.08538165715488814,0.2181286670596662,4,1673.6946788379903,2000,"{""type"":""MultiPoint"",""coordinates"":[]}"
1_1_1_1_1_1_1_1_1_1_1_1_1_1_1_1_1_1_1_1_1_1_1_1_1_1_1_1_1_1_1_1_1_1_1_1_1_1_1_1_1_1_1_1_1_1_1_1_1_1_1_1_1_1_1_1_1_1_1_1_1_1_1_1_1_1_1_1_1_1_1_1_1_1_1_1_1_1_1_1_1_1_1_1_1_1_1_1_1_1_1_1_1_1_1_1_1_1_1_1_1_1_1_1_1_1_1_1_1_1_1_1_1_1_1_1_1_1_1_1_1_1_1_1_1_1_1_1_1_1_1_1_1_1_1_1_1_1_1_1_1_1_1_1_1_1_1_1_1_1_1_1_1_1_1_1_1_1_1_1_1_1_1_1_1_1_1_1_1_1_1_1_1_1_1_1_1_1_1_1_1_1_1_1_1_1_1_1_1_1_1_1_1_1_1_1_1_2_0,10,58264.123442630465,2500,332527.94425200875,-0.3713514664460181,0.2054484565318731,0.2,0.26716715375153766,0.08538165715488814,0.2181286670596662,4,1113.925864482845,2000,"{""type"":""MultiPoint"",""coordinates"":[]}"
1_1_1_1_1_1_1_1_1_1_1_1_1_1_1_1_1_1_1_1_1_1_1_1_1_1_1_1_1_1_1_1_1_1_1_1_1_1_1_1_1_1_1_1_1_1_1_1_1_1_1_1_1_1_1_1_1_1_1_1_1_1_1_1_1_1_1_1_1_1_1_1_1_1_1_1_1_1_1_1_1_1_1_1_1_1_1_1_1_1_1_1_1_1_1_1_1_1_1_1_1_1_1_1_1_1_1_1_1_1_1_1_1_1_1_1_1_1_1_1_1_1_1_1_1_1_1_1_1_1_1_1_1_1_1_1_1_1_1_1_1_1_1_1_1_1_1_1_1_1_1_1_1_1_1_1_1_1_1_1_1_1_1_1_1_1_1_1_1_1_1_1_1_1_1_1_1_1_1_1_1_1_1_1_1_1_1_1_1_1_1_1_1_1_1_1_2_0,10,58264.123442630465,2500,332779.09663666354,-0.3713514664460181,0.2054484565318731,0.3,0.26716715375153766,0.08538165715488814,0.2181286670596662,4,862.7734798276966,2000,"{""type"":""MultiPoint"",""coordinates"":[]}"
1_1_1_1_1_1_1_1_1_1_1_1_1_1_1_1_1_1_1_1_1_1_1_1_1_1_1_1_1_1_1_1_1_1_1_1_1_1_1_1_1_1_1_1_1_1_1_1_1_1_1_1_1_1_1_1_1_1_1_1_1_1_1_1_1_1_1_1_1_1_1_1_1_1_1_1_1_1_1_1_1_1_1_1_1_1_1_1_1_1_1_1_1_1_1_1_1_1_1_1_1_1_1_1_1_1_1_1_1_1_1_1_1_1_1_1_1_1_1_1_1_1_1_1_1_1_1_1_1_1_1_1_1_1_1_1_1_1_1_1_1_1_1_1_1_1_1_1_1_1_1_1_1_1_1_1_1_1_1_1_1_1_1_1_1_1_1_1_1_1_1_1_1_1_1_1_1_1_1_1_1_1_1_1_1_1_1_1_1_1_1_1_1_1_1_2_0,10,58264.123442630465,2500,329026.3527655309,-0.4263791913375183,0.21625013469687832,0,0.14688069968547243,0.03616749735877269,0.12093086444980838,5,4614.872694339209,2000,"{""type"":""MultiPoint"",""coordinates"":[]}"
1_1_1_1_1_1_1_1_1_1_1_1_1_1_1_1_1_1_1_1_1_1_1_1_1_1_1_1_1_1_1_1_1_1_1_1_1_1_1_1_1_1_1_1_1_1_1_1_1_1_1_1_1_1_1_1_1_1_1_1_1_1_1_1_1_1_1_1_1_1_1_1_1_1_1_1_1_1_1_1_1_1_1_1_1_1_1_1_1_1_1_1_1_1_1_1_1_1_1_1_1_1_1_1_1_1_1_1_1_1_1_1_1_1_1_1_1_1_1_1_1_1_1_1_1_1_1_1_1_1_1_1_1_1_1_1_1_1_1_1_1_1_1_1_1_1_1_1_1_1_1_1_1_1_1_1_1_1_1_1_1_1_1_1_1_1_1_1_1_1_1_1_1_1_1_1_1_1_1_1_1_1_1_1_1_1_1_1_1_1_1_1_1_1_2_0,10,58264.123442630465,2500,331959.11128678976,-0.4263791913375183,0.21625013469687832,0.1,0.14688069968547243,0.03616749735877269,0.12093086444980838,5,1682.1141730776967,2000,"{""type"":""MultiPoint"",""coordinates"":[]}"
1_1_1_1_1_1_1_1_1_1_1_1_1_1_1_1_1_1_1_1_1_1_1_1_1_1_1_1_1_1_1_1_1_1_1_1_1_1_1_1_1_1_1_1_1_1_1_1_1_1_1_1_1_1_1_1_1_1_1_1_1_1_1_1_1_1_1_1_1_1_1_1_1_1_1_1_1_1_1_1_1_1_1_1_1_1_1_1_1_1_1_1_1_1_1_1_1_1_1_1_1_1_1_1_1_1_1_1_1_1_1_1_1_1_1_1_1_1_1_1_1_1_1_1_1_1_1_1_1_1_1_1_1_1_1_1_1_1_1_1_1_1_1_1_1_1_1_1_1_1_1_1_1_1_1_1_1_1_1_1_1_1_1_1_1_1_1_1_1_1_1_1_1_1_1_1_1_1_1_1_1_1_1_1_1_1_1_1_1_1_1_1_1_2_0,10,58264.123442630465,2500,332189.84774894663,-0.4263791913375183,0.21625013469687832,0.2,0.14688069968547243,0.03616749735877269,0.12093086444980838,5,1451.377710920345,2000,"{""type"":""MultiPoint"",""coordinates"":[]}"
1_1_1_1_1_1_1_1_1_1_1_1_1_1_1_1_1_1_1_1_1_1_1_1_1_1_1_1_1_1_1_1_1_1_1_1_1_1_1_1_1_1_1_1_1_1_1_1_1_1_1_1_1_1_1_1_1_1_1_1_1_1_1_1_1_1_1_1_1_1_1_1_1_1_1_1_1_1_1_1_1_1_1_1_1_1_1_1_1_1_1_1_1_1_1_1_1_1_1_1_1_1_1_1_1_1_1_1_1_1_1_1_1_1_1_1_1_1_1_1_1_1_1_1_1_1_1_1_1_1_1_1_1_1_1_1_1_1_1_1_1_1_1_1_1_1_1_1_1_1_1_1_1_1_1_1_1_1_1_1_1_1_1_1_1_1_1_1_1_1_1_1_1_1_1_1_1_1_1_1_1_1_1_1_1_1_1_1_1_1_1_1_2_0,10,58264.123442630465,2500,332400.14908024285,-0.4263791913375183,0.21625013469687832,0.3,0.14688069968547243,0.03616749735877269,0.12093086444980838,5,1241.0763796237734,2000,"{""type"":""MultiPoint"",""coordinates"":[]}"
1_1_1_1_1_1_1_1_1_1_1_1_1_1_1_1_1_1_1_1_1_1_1_1_1_1_1_1_1_1_1_1_1_1_1_1_1_1_1_1_1_1_1_1_1_1_1_1_1_1_1_1_1_1_1_1_1_1_1_1_1_1_1_1_1_1_1_1_1_1_1_1_1_1_1_1_1_1_1_1_1_1_1_1_1_1_1_1_1_1_1_1_1_1_1_1_1_1_1_1_1_1_1_1_1_1_1_1_1_1_1_1_1_1_1_1_1_1_1_1_1_1_1_1_1_1_1_1_1_1_1_1_1_1_1_1_1_1_1_1_1_1_1_1_1_1_1_1_1_1_1_1_1_1_1_1_1_1_1_1_1_1_1_1_1_1_1_1_1_1_1_1_1_1_1_1_1_1_1_1_1_1_1_1_1_1_1_1_1_1_1_2_0,10,58264.123442630465,2500,325915.2379015141,-0.32425755157752295,0.18115059415461704,0,0.4266996713307724,0.1373261087755597,0.25961378635234844,4,7726.632214978718,2001,"{""type"":""MultiPoint"",""coordinates"":[]}"
1_1_1_1_1_1_1_1_1_1_1_1_1_1_1_1_1_1_1_1_1_1_1_1_1_1_1_1_1_1_1_1_1_1_1_1_1_1_1_1_1_1_1_1_1_1_1_1_1_1_1_1_1_1_1_1_1_1_1_1_1_1_1_1_1_1_1_1_1_1_1_1_1_1_1_1_1_1_1_1_1_1_1_1_1_1_1_1_1_1_1_1_1_1_1_1_1_1_1_1_1_1_1_1_1_1_1_1_1_1_1_1_1_1_1_1_1_1_1_1_1_1_1_1_1_1_1_1_1_1_1_1_1_1_1_1_1_1_1_1_1_1_1_1_1_1_1_1_1_1_1_1_1_1_1_1_1_1_1_1_1_1_1_1_1_1_1_1_1_1_1_1_1_1_1_1_1_1_1_1_1_1_1_1_1_1_1_1_1_1_2_0,10,58264.123442630465,2500,332238.229433774,-0.32425755157752295,0.18115059415461704,0.1,0.4266996713307724,0.1373261087755597,0.25961378635234844,4,1403.6406827178946,2001,"{""type"":""MultiPoint"",""coordinates"":[]}"
1_1_1_1_1_1_1_1_1_1_1_1_1_1_1_1_1_1_1_1_1_1_1_1_1_1_1_1_1_1_1_1_1_1_1_1_1_1_1_1_1_1_1_1_1_1_1_1_1_1_1_1_1_1_1_1_1_1_1_1_1_1_1_1_1_1_1_1_1_1_1_1_1_1_1_1_1_1_1_1_1_1_1_1_1_1_1_1_1_1_1_1_1_1_1_1_1_1_1_1_1_1_1_1_1_1_1_1_1_1_1_1_1_1_1_1_1_1_1_1_1_1_1_1_1_1_1_1_1_1_1_1_1_1_1_1_1_1_1_1_1_1_1_1_1_1_1_1_1_1_1_1_1_1_1_1_1_1_1_1_1_1_1_1_1_1_1_1_1_1_1_1_1_1_1_1_1_1_1_1_1_1_1_1_1_1_1_1_1_2_0,10,58264.123442630465,2500,332631.2618291204,-0.32425755157752295,0.18115059415461704,0.2,0.4266996713307724,0.1373261087755597,0.25961378635234844,4,1010.608287370834,2001,"{""type"":""MultiPoint"",""coordinates"":[]}"
1_1_1_1_1_1_1_1_1_1_1_1_1_1_1_1_1_1_1_1_1_1_1_1_1_1_1_1_1_1_1_1_1_1_1_1_1_1_1_1_1_1_1_1_1_1_1_1_1_1_1_1_1_1_1_1_1_1_1_1_1_1_1_1_1_1_1_1_1_1_1_1_1_1_1_1_1_1_1_1_1_1_1_1_1_1_1_1_1_1_1_1_1_1_1_1_1_1_1_1_1_1_1_1_1_1_1_1_1_1_1_1_1_1_1_1_1_1_1_1_1_1_1_1_1_1_1_1_1_1_1_1_1_1_1_1_1_1_1_1_1_1_1_1_1_1_1_1_1_1_1_1_1_1_1_1_1_1_1_1_1_1_1_1_1_1_1_1_1_1_1_1_1_1_1_1_1_1_1_1_1_1_1_1_1_1_1_1_2_0,10,58264.123442630465,2500,333091.70839092135,-0.32425755157752295,0.18115059415461704,0.3,0.4266996713307724,0.1373261087755597,0.25961378635234844,4,550.1617255696084,2001,"{""type"":""MultiPoint"",""coordinates"":[]}"
1_1_1_1_1_1_1_1_1_1_1_1_1_1_1_1_1_1_1_1_1_1_1_1_1_1_1_1_1_1_1_1_1_1_1_1_1_1_1_1_1_1_1_1_1_1_1_1_1_1_1_1_1_1_1_1_1_1_1_1_1_1_1_1_1_1_1_1_1_1_1_1_1_1_1_1_1_1_1_1_1_1_1_1_1_1_1_1_1_1_1_1_1_1_1_1_1_1_1_1_1_1_1_1_1_1_1_1_1_1_1_1_1_1_1_1_1_1_1_1_1_1_1_1_1_1_1_1_1_1_1_1_1_1_1_1_1_1_1_1_1_1_1_1_1_1_1_1_1_1_1_1_1_1_1_1_1_1_1_1_1_1_1_1_1_1_1_1_1_1_1_1_1_1_1_1_1_1_1_1_1_1_1_1_1_1_1_2_0,10,58264.123442630465,2500,327724.14089614095,-0.38606329874354656,0.21011466896708175,0,0.26481334222969116,0.0720611488660192,0.1855244250379032,5,5917.729220353949,2001,"{""type"":""MultiPoint"",""coordinates"":[]}"
1_1_1_1_1_1_1_1_1_1_1_1_1_1_1_1_1_1_1_1_1_1_1_1_1_1_1_1_1_1_1_1_1_1_1_1_1_1_1_1_1_1_1_1_1_1_1_1_1_1_1_1_1_1_1_1_1_1_1_1_1_1_1_1_1_1_1_1_1_1_1_1_1_1_1_1_1_1_1_1_1_1_1_1_1_1_1_1_1_1_1_1_1_1_1_1_1_1_1_1_1_1_1_1_1_1_1_1_1_1_1_1_1_1_1_1_1_1_1_1_1_1_1_1_1_1_1_1_1_1_1_1_1_1_1_1_1_1_1_1_1_1_1_1_1_1_1_1_1_1_1_1_1_1_1_1_1_1_1_1_1_1_1_1_1_1_1_1_1_1_1_1_1_1_1_1_1_1_1_1_1_1_1_1_1_1_2_0,10,58264.123442630465,2500,331867.67529327446,-0.38606329874354656,0.21011466896708175,0.1,0.26481334222969116,0.0720611488660192,0.1855244250379032,5,1774.1948232178936,2001,"{""type"":""MultiPoint"",""coordinates"":[]}"
1_1_1_1_1_1_1_1_1_1_1_1_1_1_1_1_1_1_1_1_1_1_1_1_1_1_1_1_1_1_1_1_1_1_1_1_1_1_1_1_1_1_1_1_1_1_1_1_1_1_1_1_1_1_1_1_1_1_1_1_1_1_1_1_1_1_1_1_1_1_1_1_1_1_1_1_1_1_1_1_1_1_1_1_1_1_1_1_1_1_1_1_1_1_1_1_1_1_1_1_1_1_1_1_1_1_1_1_1_1_1_1_1_1_1_1_1_1_1_1_1_1_1_1_1_1_1_1_1_1_1_1_1_1_1_1_1_1_1_1_1_1_1_1_1_1_1_1_1_1_1_1_1_1_1_1_1_1_1_1_1_1_1_1_1_1_1_1_1_1_1_1_1_1_1_1_1_1_1_1_1_1_1_1_1_2_0,10,58264.123442630465,2500,332387.4208664149,-0.38606329874354656,0.21011466896708175,0.2,0.26481334222969116,0.0720611488660192,0.1855244250379032,5,1254.4492500767171,2001,"{""type"":""MultiPoint"",""coordinates"":[]}"
1_1_1_1_1_1_1_1_1_1_1_1_1_1_1_1_1_1_1_1_1_1_1_1_1_1_1_1_1_1_1_1_1_1_1_1_1_1_1_1_1_1_1_1_1_1_1_1_1_1_1_1_1_1_1_1_1_1_1_1_1_1_1_1_1_1_1_1_1_1_1_1_1_1_1_1_1_1_1_1_1_1_1_1_1_1_1_1_1_1_1_1_1_1_1_1_1_1_1_1_1_1_1_1_1_1_1_1_1_1_1_1_1_1_1_1_1_1_1_1_1_1_1_1_1_1_1_1_1_1_1_1_1_1_1_1_1_1_1_1_1_1_1_1_1_1_1_1_1_1_1_1_1_1_1_1_1_1_1_1_1_1_1_1_1_1_1_1_1_1_1_1_1_1_1_1_1_1_1_1_1_1_1_1_2_0,10,58264.123442630465,2500,332566.84286082606,-0.38606329874354656,0.21011466896708175,0.3,0.26481334222969116,0.0720611488660192,0.1855244250379032,5,1075.0272556654427,2001,"{""type"":""MultiPoint"",""coordinates"":[]}"
1_1_1_1_1_1_1_1_1_1_1_1_1_1_1_1_1_1_1_1_1_1_1_1_1_1_1_1_1_1_1_1_1_1_1_1_1_1_1_1_1_1_1_1_1_1_1_1_1_1_1_1_1_1_1_1_1_1_1_1_1_1_1_1_1_1_1_1_1_1_1_1_1_1_1_1_1_1_1_1_1_1_1_1_1_1_1_1_1_1_1_1_1_1_1_1_1_1_1_1_1_1_1_1_1_1_1_1_1_1_1_1_1_1_1_1_1_1_1_1_1_1_1_1_1_1_1_1_1_1_1_1_1_1_1_1_1_1_1_1_1_1_1_1_1_1_1_1_1_1_1_1_1_1_1_1_1_1_1_1_1_1_1_1_1_1_1_1_1_1_1_1_1_1_1_1_1_1_1_1_1_1_1_2_0,10,58264.123442630465,2500,327100.2915673597,-0.35149336799060343,0.19810656354940426,0,0.37089714308613286,0.10362561135900249,0.22775939616388638,4,6541.578549133849,2002,"{""type"":""MultiPoint"",""coordinates"":[]}"
1_1_1_1_1_1_1_1_1_1_1_1_1_1_1_1_1_1_1_1_1_1_1_1_1_1_1_1_1_1_1_1_1_1_1_1_1_1_1_1_1_1_1_1_1_1_1_1_1_1_1_1_1_1_1_1_1_1_1_1_1_1_1_1_1_1_1_1_1_1_1_1_1_1_1_1_1_1_1_1_1_1_1_1_1_1_1_1_1_1_1_1_1_1_1_1_1_1_1_1_1_1_1_1_1_1_1_1_1_1_1_1_1_1_1_1_1_1_1_1_1_1_1_1_1_1_1_1_1_1_1_1_1_1_1_1_1_1_1_1_1_1_1_1_1_1_1_1_1_1_1_1_1_1_1_1_1_1_1_1_1_1_1_1_1_1_1_1_1_1_1_1_1_1_1_1_1_1_1_1_1_1_2_0,10,58264.123442630465,2500,332114.70716233144,-0.35149336799060343,0.19810656354940426,0.1,0.37089714308613286,0.10362561135900249,0.22775939616388638,4,1527.16295416054,2002,"{""type"":""MultiPoint"",""coordinates"":[]}"
1_1_1_1_1_1_1_1_1_1_1_1_1_1_1_1_1_1_1_1_1_1_1_1_1_1_1_1_1_1_1_1_1_1_1_1_1_1_1_1_1_1_1_1_1_1_1_1_1_1_1_1_1_1_1_1_1_1_1_1_1_1_1_1_1_1_1_1_1_1_1_1_1_1_1_1_1_1_1_1_1_1_1_1_1_1_1_1_1_1_1_1_1_1_1_1_1_1_1_1_1_1_1_1_1_1_1_1_1_1_1_1_1_1_1_1_1_1_1_1_1_1_1_1_1_1_1_1_1_1_1_1_1_1_1_1_1_1_1_1_1_1_1_1_1_1_1_1_1_1_1_1_1_1_1_1_1_1_1_1_1_1_1_1_1_1_1_1_1_1_1_1_1_1_1_1_1_1_1_1_1_2_0,10,58264.123442630465,2500,332524.14010438364,-0.35149336799060343,0.19810656354940426,0.2,0.37089714308613286,0.10362561135900249,0.22775939616388638,4,1117.7300121078454,2002,"{""type"":""MultiPoint"",""coordinates"":[]}"
1_1_1_1_1_1_1_1_1_1_1_1_1_1_1_1_1_1_1_1_1_1_1_1_1_1_1_1_1_1_1_1_1_1_1_1_1_1_1_1_1_1_1_1_1_1_1_1_1_1_1_1_1_1_1_1_1_1_1_1_1_1_1_1_1_1_1_1_1_1_1_1_1_1_1_1_1_1_1_1_1_1_1_1_1_1_1_1_1_1_1_1_1_1_1_1_1_1_1_1_1_1_1_1_1_1_1_1_1_1_1_1_1_1_1_1_1_1_1_1_1_1_1_1_1_1_1_1_1_1_1_1_1_1_1_1_1_1_1_1_1_1_1_1_1_1_1_1_1_1_1_1_1_1_1_1_1_1_1_1_1_1_1_1_1_1_1_1_1_1_1_1_1_1_1_1_1_1_1_1_2_0,10,58264.123442630465,2500,332751.1195177535,-0.35149336799060343,0.19810656354940426,0.3,0.37089714308613286,0.10362561135900249,0.22775939616388638,4,890.7505987377458,2002,"{""type"":""MultiPoint"",""coordinates"":[]}"
1_1_1_1_1_1_1_1_1_1_1_1_1_1_1_1_1_1_1_1_1_1_1_1_1_1_1_1_1_1_1_1_1_1_1_1_1_1_1_1_1_1_1_1_1_1_1_1_1_1_1_1_1_1_1_1_1_1_1_1_1_1_1_1_1_1_1_1_1_1_1_1_1_1_1_1_1_1_1_1_1_1_1_1_1_1_1_1_1_1_1_1_1_1_1_1_1_1_1_1_1_1_1_1_1_1_1_1_1_1_1_1_1_1_1_1_1_1_1_1_1_1_1_1_1_1_1_1_1_1_1_1_1_1_1_1_1_1_1_1_1_1_1_1_1_1_1_1_1_1_1_1_1_1_1_1_1_1_1_1_1_1_1_1_1_1_1_1_1_1_1_1_1_1_1_1_1_1_1_2_0,10,58264.123442630465,2500,328703.65758634347,-0.40503262264281326,0.21385074679106078,0,0.17597010426499837,0.053231830409849724,0.15379332437244728,5,4938.2125301517135,2002,"{""type"":""MultiPoint"",""coordinates"":[]}"
1_1_1_1_1_1_1_1_1_1_1_1_1_1_1_1_1_1_1_1_1_1_1_1_1_1_1_1_1_1_1_1_1_1_1_1_1_1_1_1_1_1_1_1_1_1_1_1_1_1_1_1_1_1_1_1_1_1_1_1_1_1_1_1_1_1_1_1_1_1_1_1_1_1_1_1_1_1_1_1_1_1_1_1_1_1_1_1_1_1_1_1_1_1_1_1_1_1_1_1_1_1_1_1_1_1_1_1_1_1_1_1_1_1_1_1_1_1_1_1_1_1_1_1_1_1_1_1_1_1_1_1_1_1_1_1_1_1_1_1_1_1_1_1_1_1_1_1_1_1_1_1_1_1_1_1_1_1_1_1_1_1_1_1_1_1_1_1_1_1_1_1_1_1_1_1_1_1_2_0,10,58264.123442630465,2500,331917.3702404419,-0.40503262264281326,0.21385074679106078,0.1,0.17597010426499837,0.053231830409849724,0.15379332437244728,5,1724.4998760504911,2002,"{""type"":""MultiPoint"",""coordinates"":[]}"
1_1_1_1_1_1_1_1_1_1_1_1_1_1_1_1_1_1_1_1_1_1_1_1_1_1_1_1_1_1_1_1_1_1_1_1_1_1_1_1_1_1_1_1_1_1_1_1_1_1_1_1_1_1_1_1_1_1_1_1_1_1_1_1_1_1_1_1_1_1_1_1_1_1_1_1_1_1_1_1_1_1_1_1_1_1_1_1_1_1_1_1_1_1_1_1_1_1_1_1_1_1_1_1_1_1_1_1_1_1_1_1_1_1_1_1_1_1_1_1_1_1_1_1_1_1_1_1_1_1_1_1_1_1_1_1_1_1_1_1_1_1_1_1_1_1_1_1_1_1_1_1_1_1_1_1_1_1_1_1_1_1_1_1_1_1_1_1_1_1_1_1_1_1_1_1_1_2_0,10,58264.123442630465,2500,332299.0482658141,-0.40503262264281326,0.21385074679106078,0.2,0.17597010426499837,0.053231830409849724,0.15379332437244728,5,1342.8218506776968,2002,"{""type"":""MultiPoint"",""coordinates"":[]}"
1_1_1_1_1_1_1_1_1_1_1_1_1_1_1_1_1_1_1_1_1_1_1_1_1_1_1_1_1_1_1_1_1_1_1_1_1_1_1_1_1_1_1_1_1_1_1_1_1_1_1_1_1_1_1_1_1_1_1_1_1_1_1_1_1_1_1_1_1_1_1_1_1_1_1_1_1_1_1_1_1_1_1_1_1_1_1_1_1_1_1_1_1_1_1_1_1_1_1_1_1_1_1_1_1_1_1_1_1_1_1_1_1_1_1_1_1_1_1_1_1_1_1_1_1_1_1_1_1_1_1_1_1_1_1_1_1_1_1_1_1_1_1_1_1_1_1_1_1_1_1_1_1_1_1_1_1_1_1_1_1_1_1_1_1_1_1_1_1_1_1_1_1_1_1_1_2_0,10,58264.123442630465,2500,332615.39334147895,-0.40503262264281326,0.21385074679106078,0.3,0.17597010426499837,0.053231830409849724,0.15379332437244728,5,1026.4767750125013,2002,"{""type"":""MultiPoint"",""coordinates"":[]}"
1_1_1_1_1_1_1_1_1_1_1_1_1_1_1_1_1_1_1_1_1_1_1_1_1_1_1_1_1_1_1_1_1_1_1_1_1_1_1_1_1_1_1_1_1_1_1_1_1_1_1_1_1_1_1_1_1_1_1_1_1_1_1_1_1_1_1_1_1_1_1_1_1_1_1_1_1_1_1_1_1_1_1_1_1_1_1_1_1_1_1_1_1_1_1_1_1_1_1_1_1_1_1_1_1_1_1_1_1_1_1_1_1_1_1_1_1_1_1_1_1_1_1_1_1_1_1_1_1_1_1_1_1_1_1_1_1_1_1_1_1_1_1_1_1_1_1_1_1_1_1_1_1_1_1_1_1_1_1_1_1_1_1_1_1_1_1_1_1_1_1_1_1_1_1_2_0,10,58264.123442630465,2500,328614.3862818923,-0.35077031924273633,0.18334907663134073,0,0.4054487536731462,0.1159107834258981,0.23235075011461062,4,5026.160431101007,2003,"{""type"":""MultiPoint"",""coordinates"":[]}"
1_1_1_1_1_1_1_1_1_1_1_1_1_1_1_1_1_1_1_1_1_1_1_1_1_1_1_1_1_1_1_1_1_1_1_1_1_1_1_1_1_1_1_1_1_1_1_1_1_1_1_1_1_1_1_1_1_1_1_1_1_1_1_1_1_1_1_1_1_1_1_1_1_1_1_1_1_1_1_1_1_1_1_1_1_1_1_1_1_1_1_1_1_1_1_1_1_1_1_1_1_1_1_1_1_1_1_1_1_1_1_1_1_1_1_1_1_1_1_1_1_1_1_1_1_1_1_1_1_1_1_1_1_1_1_1_1_1_1_1_1_1_1_1_1_1_1_1_1_1_1_1_1_1_1_1_1_1_1_1_1_1_1_1_1_1_1_1_1_1_1_1_1_1_2_0,10,58264.123442630465,2500,331970.06820748595,-0.35077031924273633,0.18334907663134073,0.1,0.4054487536731462,0.1159107834258981,0.23235075011461062,4,1670.478505506128,2003,"{""type"":""MultiPoint"",""coordinates"":[]}"
1_1_1_1_1_1_1_1_1_1_1_1_1_1_1_1_1_1_1_1_1_1_1_1_1_1_1_1_1_1_1_1_1_1_1_1_1_1_1_1_1_1_1_1_1_1_1_1_1_1_1_1_1_1_1_1_1_1_1_1_1_1_1_1_1_1_1_1_1_1_1_1_1_1_1_1_1_1_1_1_1_1_1_1_1_1_1_1_1_1_1_1_1_1_1_1_1_1_1_1_1_1_1_1_1_1_1_1_1_1_1_1_1_1_1_1_1_1_1_1_1_1_1_1_1_1_1_1_1_1_1_1_1_1_1_1_1_1_1_1_1_1_1_1_1_1_1_1_1_1_1_1_1_1_1_1_1_1_1_1_1_1_1_1_1_1_1_1_1_1_1_1_1_2_0,10,58264.123442630465,2500,332687.2315791771,-0.35077031924273633,0.18334907663134073,0.2,0.4054487536731462,0.1159107834258981,0.23235075011461062,4,953.3151338142167,2003,"{""type"":""MultiPoint"",""coordinates"":[]}"
1_1_1_1_1_1_1_1_1_1_1_1_1_1_1_1_1_1_1_1_1_1_1_1_1_1_1_1_1_1_1_1_1_1_1_1_1_1_1_1_1_1_1_1_1_1_1_1_1_1_1_1_1_1_1_1_1_1_1_1_1_1_1_1_1_1_1_1_1_1_1_1_1_1_1_1_1_1_1_1_1_1_1_1_1_1_1_1_1_1_1_1_1_1_1_1_1_1_1_1_1_1_1_1_1_1_1_1_1_1_1_1_1_1_1_1_1_1_1_1_1_1_1_1_1_1_1_1_1_1_1_1_1_1_1_1_1_1_1_1_1_1_1_1_1_1_1_1_1_1_1_1_1_1_1_1_1_1_1_1_1_1_1_1_1_1_1_1_1_1_1_1_2_0,10,58264.123442630465,2500,333127.39030934236,-0.35077031924273633,0.18334907663134073,0.3,0.4054487536731462,0.1159107834258981,0.23235075011461062,4,513.1564036487752,2003,"{""type"":""MultiPoint"",""coordinates"":[]}"
1_1_1_1_1_1_1_1_1_1_1_1_1_1_1_1_1_1_1_1_1_1_1_1_1_1_1_1_1_1_1_1_1_1_1_1_1_1_1_1_1_1_1_1_1_1_1_1_1_1_1_1_1_1_1_1_1_1_1_1_1_1_1_1_1_1_1_1_1_1_1_1_1_1_1_1_1_1_1_1_1_1_1_1_1_1_1_1_1_1_1_1_1_1_1_1_1_1_1_1_1_1_1_1_1_1_1_1_1_1_1_1_1_1_1_1_1_1_1_1_1_1_1_1_1_1_1_1_1_1_1_1_1_1_1_1_1_1_1_1_1_1_1_1_1_1_1_1_1_1_1_1_1_1_1_1_1_1_1_1_1_1_1_1_1_1_1_1_1_1_1_2_0,10,58264.123442630465,2500,329543.48888695496,-0.41109501380982677,0.20655615178170572,0,0.18438914045466934,0.05473085580958695,0.15392447358961564,5,4096.397055538489,2003,"{""type"":""MultiPoint"",""coordinates"":[]}"
1_1_1_1_1_1_1_1_1_1_1_1_1_1_1_1_1_1_1_1_1_1_1_1_1_1_1_1_1_1_1_1_1_1_1_1_1_1_1_1_1_1_1_1_1_1_1_1_1_1_1_1_1_1_1_1_1_1_1_1_1_1_1_1_1_1_1_1_1_1_1_1_1_1_1_1_1_1_1_1_1_1_1_1_1_1_1_1_1_1_1_1_1_1_1_1_1_1_1_1_1_1_1_1_1_1_1_1_1_1_1_1_1_1_1_1_1_1_1_1_1_1_1_1_1_1_1_1_1_1_1_1_1_1_1_1_1_1_1_1_1_1_1_1_1_1_1_1_1_1_1_1_1_1_1_1_1_1_1_1_1_1_1_1_1_1_1_1_1_1_2_0,10,58264.123442630465,2500,331881.44394039357,-0.41109501380982677,0.20655615178170572,0.1,0.18438914045466934,0.05473085580958695,0.15392447358961564,5,1758.442002098775,2003,"{""type"":""MultiPoint"",""coordinates"":[]}"
1_1_1_1_1_1_1_1_1_1_1_1_1_1_1_1_1_1_1_1_1_1_1_1_1_1_1_1_1_1_1_1_1_1_1_1_1_1_1_1_1_1_1_1_1_1_1_1_1_1_1_1_1_1_1_1_1_1_1_1_1_1_1_1_1_1_1_1_1_1_1_1_1_1_1_1_1_1_1_1_1_1_1_1_1_1_1_1_1_1_1_1_1_1_1_1_1_1_1_1_1_1_1_1_1_1_1_1_1_1_1_1_1_1_1_1_1_1_1_1_1_1_1_1_1_1_1_1_1_1_1_1_1_1_1_1_1_1_1_1_1_1_1_1_1_1_1_1_1_1_1_1_1_1_1_1_1_1_1_1_1_1_1_1_1_1_1_1_1_2_0,10,58264.123442630465,2500,332105.773165754,-0.41109501380982677,0.20655615178170572,0.2,0.18438914045466934,0.05473085580958695,0.15392447358961564,5,1534.1127767379908,2003,"{""type"":""MultiPoint"",""coordinates"":[]}"
1_1_1_1_1_1_1_1_1_1_1_1_1_1_1_1_1_1_1_1_1_1_1_1_1_1_1_1_1_1_1_1_1_1_1_1_1_1_1_1_1_1_1_1_1_1_1_1_1_1_1_1_1_1_1_1_1_1_1_1_1_1_1_1_1_1_1_1_1_1_1_1_1_1_1_1_1_1_1_1_1_1_1_1_1_1_1_1_1_1_1_1_1_1_1_1_1_1_1_1_1_1_1_1_1_1_1_1_1_1_1_1_1_1_1_1_1_1_1_1_1_1_1_1_1_1_1_1_1_1_1_1_1_1_1_1_1_1_1_1_1_1_1_1_1_1_1_1_1_1_1_1_1_1_1_1_1_1_1_1_1_1_1_1_1_1_1_1_2_0,10,58264.123442630465,2500,332499.48301318014,-0.41109501380982677,0.20655615178170572,0.3,0.18438914045466934,0.05473085580958695,0.15392447358961564,5,1140.4029293112744,2003,"{""type"":""MultiPoint"",""coordinates"":[]}"
1_1_1_1_1_1_1_1_1_1_1_1_1_1_1_1_1_1_1_1_1_1_1_1_1_1_1_1_1_1_1_1_1_1_1_1_1_1_1_1_1_1_1_1_1_1_1_1_1_1_1_1_1_1_1_1_1_1_1_1_1_1_1_1_1_1_1_1_1_1_1_1_1_1_1_1_1_1_1_1_1_1_1_1_1_1_1_1_1_1_1_1_1_1_1_1_1_1_1_1_1_1_1_1_1_1_1_1_1_1_1_1_1_1_1_1_1_1_1_1_1_1_1_1_1_1_1_1_1_1_1_1_1_1_1_1_1_1_1_1_1_1_1_1_1_1_1_1_1_1_1_1_1_1_1_1_1_1_1_1_1_1_1_1_1_1_1_2_0,10,58264.123442630465,2500,328479.7112576729,-0.3510535226693347,0.18243414204622702,0,0.36976571586925694,0.11534039201861204,0.22603544099338133,4,5162.158858821335,2004,"{""type"":""MultiPoint"",""coordinates"":[]}"
1_1_1_1_1_1_1_1_1_1_1_1_1_1_1_1_1_1_1_1_1_1_1_1_1_1_1_1_1_1_1_1_1_1_1_1_1_1_1_1_1_1_1_1_1_1_1_1_1_1_1_1_1_1_1_1_1_1_1_1_1_1_1_1_1_1_1_1_1_1_1_1_1_1_1_1_1_1_1_1_1_1_1_1_1_1_1_1_1_1_1_1_1_1_1_1_1_1_1_1_1_1_1_1_1_1_1_1_1_1_1_1_1_1_1_1_1_1_1_1_1_1_1_1_1_1_1_1_1_1_1_1_1_1_1_1_1_1_1_1_1_1_1_1_1_1_1_1_1_1_1_1_1_1_1_1_1_1_1_1_1_1_1_1_1_1_2_0,10,58264.123442630465,2500,332030.134245456,-0.3510535226693347,0.18243414204622702,0.1,0.36976571586925694,0.11534039201861204,0.22603544099338133,4,1611.735871036276,2004,"{""type"":""MultiPoint"",""coordinates"":[]}"
1_1_1_1_1_1_1_1_1_1_1_1_1_1_1_1_1_1_1_1_1_1_1_1_1_1_1_1_1_1_1_1_1_1_1_1_1_1_1_1_1_1_1_1_1_1_1_1_1_1_1_1_1_1_1_1_1_1_1_1_1_1_1_1_1_1_1_1_1_1_1_1_1_1_1_1_1_1_1_1_1_1_1_1_1_1_1_1_1_1_1_1_1_1_1_1_1_1_1_1_1_1_1_1_1_1_1_1_1_1_1_1_1_1_1_1_1_1_1_1_1_1_1_1_1_1_1_1_1_1_1_1_1_1_1_1_1_1_1_1_1_1_1_1_1_1_1_1_1_1_1_1_1_1_1_1_1_1_1_1_1_1_1_1_1_2_0,10,58264.123442630465,2500,332786.9474489705,-0.3510535226693347,0.18243414204622702,0.2,0.36976571586925694,0.11534039201861204,0.22603544099338133,4,854.9226675210787,2004,"{""type"":""MultiPoint"",""coordinates"":[]}"
1_1_1_1_1_1_1_1_1_1_1_1_1_1_1_1_1_1_1_1_1_1_1_1_1_1_1_1_1_1_1_1_1_1_1_1_1_1_1_1_1_1_1_1_1_1_1_1_1_1_1_1_1_1_1_1_1_1_1_1_1_1_1_1_1_1_1_1_1_1_1_1_1_1_1_1_1_1_1_1_1_1_1_1_1_1_1_1_1_1_1_1_1_1_1_1_1_1_1_1_1_1_1_1_1_1_1_1_1_1_1_1_1_1_1_1_1_1_1_1_1_1_1_1_1_1_1_1_1_1_1_1_1_1_1_1_1_1_1_1_1_1_1_1_1_1_1_1_1_1_1_1_1_1_1_1_1_1_1_1_1_1_1_1_2_0,10,58264.123442630465,2500,333122.10734460043,-0.3510535226693347,0.18243414204622702,0.3,0.36976571586925694,0.11534039201861204,0.22603544099338133,4,519.7627718906868,2004,"{""type"":""MultiPoint"",""coordinates"":[]}"
1_1_1_1_1_1_1_1_1_1_1_1_1_1_1_1_1_1_1_1_1_1_1_1_1_1_1_1_1_1_1_1_1_1_1_1_1_1_1_1_1_1_1_1_1_1_1_1_1_1_1_1_1_1_1_1_1_1_1_1_1_1_1_1_1_1_1_1_1_1_1_1_1_1_1_1_1_1_1_1_1_1_1_1_1_1_1_1_1_1_1_1_1_1_1_1_1_1_1_1_1_1_1_1_1_1_1_1_1_1_1_1_1_1_1_1_1_1_1_1_1_1_1_1_1_1_1_1_1_1_1_1_1_1_1_1_1_1_1_1_1_1_1_1_1_1_1_1_1_1_1_1_1_1_1_1_1_1_1_1_1_1_1_2_0,10,58264.123442630465,2500,329514.1043543275,-0.4100049006488182,0.20721094674209078,0,0.23110517434563815,0.05572379081139576,0.15294105378832729,5,4127.7657621664275,2004,"{""type"":""MultiPoint"",""coordinates"":[]}"
1_1_1_1_1_1_1_1_1_1_1_1_1_1_1_1_1_1_1_1_1_1_1_1_1_1_1_1_1_1_1_1_1_1_1_1_1_1_1_1_1_1_1_1_1_1_1_1_1_1_1_1_1_1_1_1_1_1_1_1_1_1_1_1_1_1_1_1_1_1_1_1_1_1_1_1_1_1_1_1_1_1_1_1_1_1_1_1_1_1_1_1_1_1_1_1_1_1_1_1_1_1_1_1_1_1_1_1_1_1_1_1_1_1_1_1_1_1_1_1_1_1_1_1_1_1_1_1_1_1_1_1_1_1_1_1_1_1_1_1_1_1_1_1_1_1_1_1_1_1_1_1_1_1_1_1_1_1_1_1_1_1_2_0,10,58264.123442630465,2500,331892.3330090946,-0.4100049006488182,0.20721094674209078,0.1,0.23110517434563815,0.05572379081139576,0.15294105378832729,5,1749.5371073977954,2004,"{""type"":""MultiPoint"",""coordinates"":[]}"
1_1_1_1_1_1_1_1_1_1_1_1_1_1_1_1_1_1_1_1_1_1_1_1_1_1_1_1_1_1_1_1_1_1_1_1_1_1_1_1_1_1_1_1_1_1_1_1_1_1_1_1_1_1_1_1_1_1_1_1_1_1_1_1_1_1_1_1_1_1_1_1_1_1_1_1_1_1_1_1_1_1_1_1_1_1_1_1_1_1_1_1_1_1_1_1_1_1_1_1_1_1_1_1_1_1_1_1_1_1_1_1_1_1_1_1_1_1_1_1_1_1_1_1_1_1_1_1_1_1_1_1_1_1_1_1_1_1_1_1_1_1_1_1_1_1_1_1_1_1_1_1_1_1_1_1_1_1_1_1_1_2_0,10,58264.123442630465,2500,332110.17565652623,-0.4100049006488182,0.20721094674209078,0.2,0.23110517434563815,0.05572379081139576,0.15294105378832729,5,1531.6944599659323,2004,"{""type"":""MultiPoint"",""coordinates"":[]}"
1_1_1_1_1_1_1_1_1_1_1_1_1_1_1_1_1_1_1_1_1_1_1_1_1_1_1_1_1_1_1_1_1_1_1_1_1_1_1_1_1_1_1_1_1_1_1_1_1_1_1_1_1_1_1_1_1_1_1_1_1_1_1_1_1_1_1_1_1_1_1_1_1_1_1_1_1_1_1_1_1_1_1_1_1_1_1_1_1_1_1_1_1_1_1_1_1_1_1_1_1_1_1_1_1_1_1_1_1_1_1_1_1_1_1_1_1_1_1_1_1_1_1_1_1_1_1_1_1_1_1_1_1_1_1_1_1_1_1_1_1_1_1_1_1_1_1_1_1_1_1_1_1_1_1_1_1_1_1_1_2_0,10,58264.123442630465,2500,332462.35749489063,-0.4100049006488182,0.20721094674209078,0.3,0.23110517434563815,0.05572379081139576,0.15294105378832729,5,1179.5126216009803,2004,"{""type"":""MultiPoint"",""coordinates"":[]}"
1_1_1_1_1_1_1_1_1_1_1_1_1_1_1_1_1_1_1_1_1_1_1_1_1_1_1_1_1_1_1_1_1_1_1_1_1_1_1_1_1_1_1_1_1_1_1_1_1_1_1_1_1_1_1_1_1_1_1_1_1_1_1_1_1_1_1_1_1_1_1_1_1_1_1_1_1_1_1_1_1_1_1_1_1_1_1_1_1_1_1_1_1_1_1_1_1_1_1_1_1_1_1_1_1_1_1_1_1_1_1_1_1_1_1_1_1_1_1_1_1_1_1_1_1_1_1_1_1_1_1_1_1_1_1_1_1_1_1_1_1_1_1_1_1_1_1_1_1_1_1_1_1_1_1_1_1_1_1_2_0,10,58264.123442630465,2500,327522.9878998378,-0.36579018484281534,0.1891391070143786,0,0.315123090979704,0.09892910097914787,0.21414545124880666,4,6118.882216655655,2005,"{""type"":""MultiPoint"",""coordinates"":[]}"
1_1_1_1_1_1_1_1_1_1_1_1_1_1_1_1_1_1_1_1_1_1_1_1_1_1_1_1_1_1_1_1_1_1_1_1_1_1_1_1_1_1_1_1_1_1_1_1_1_1_1_1_1_1_1_1_1_1_1_1_1_1_1_1_1_1_1_1_1_1_1_1_1_1_1_1_1_1_1_1_1_1_1_1_1_1_1_1_1_1_1_1_1_1_1_1_1_1_1_1_1_1_1_1_1_1_1_1_1_1_1_1_1_1_1_1_1_1_1_1_1_1_1_1_1_1_1_1_1_1_1_1_1_1_1_1_1_1_1_1_1_1_1_1_1_1_1_1_1_1_1_1_1_1_1_1_1_1_2_0,10,58264.123442630465,2500,332003.1061618851,-0.36579018484281534,0.1891391070143786,0.1,0.315123090979704,0.09892910097914787,0.21414545124880666,4,1638.7639546071089,2005,"{""type"":""MultiPoint"",""coordinates"":[]}"
1_1_1_1_1_1_1_1_1_1_1_1_1_1_1_1_1_1_1_1_1_1_1_1_1_1_1_1_1_1_1_1_1_1_1_1_1_1_1_1_1_1_1_1_1_1_1_1_1_1_1_1_1_1_1_1_1_1_1_1_1_1_1_1_1_1_1_1_1_1_1_1_1_1_1_1_1_1_1_1_1_1_1_1_1_1_1_1_1_1_1_1_1_1_1_1_1_1_1_1_1_1_1_1_1_1_1_1_1_1_1_1_1_1_1_1_1_1_1_1_1_1_1_1_1_1_1_1_1_1_1_1_1_1_1_1_1_1_1_1_1_1_1_1_1_1_1_1_1_1_1_1_1_1_1_1_1_2_0,10,58264.123442630465,2500,332487.45541646826,-0.36579018484281534,0.1891391070143786,0.2,0.315123090979704,0.09892910097914787,0.21414545124880666,4,1154.4147000232863,2005,"{""type"":""MultiPoint"",""coordinates"":[]}"
1_1_1_1_1_1_1_1_1_1_1_1_1_1_1_1_1_1_1_1_1_1_1_1_1_1_1_1_1_1_1_1_1_1_1_1_1_1_1_1_1_1_1_1_1_1_1_1_1_1_1_1_1_1_1_1_1_1_1_1_1_1_1_1_1_1_1_1_1_1_1_1_1_1_1_1_1_1_1_1_1_1_1_1_1_1_1_1_1_1_1_1_1_1_1_1_1_1_1_1_1_1_1_1_1_1_1_1_1_1_1_1_1_1_1_1_1_1_1_1_1_1_1_1_1_1_1_1_1_1_1_1_1_1_1_1_1_1_1_1_1_1_1_1_1_1_1_1_1_1_1_1_1_1_1_1_2_0,10,58264.123442630465,2500,332729.51491654455,-0.36579018484281534,0.1891391070143786,0.3,0.315123090979704,0.09892910097914787,0.21414545124880666,4,912.3551999468143,2005,"{""type"":""MultiPoint"",""coordinates"":[]}"
1_1_1_1_1_1_1_1_1_1_1_1_1_1_1_1_1_1_1_1_1_1_1_1_1_1_1_1_1_1_1_1_1_1_1_1_1_1_1_1_1_1_1_1_1_1_1_1_1_1_1_1_1_1_1_1_1_1_1_1_1_1_1_1_1_1_1_1_1_1_1_1_1_1_1_1_1_1_1_1_1_1_1_1_1_1_1_1_1_1_1_1_1_1_1_1_1_1_1_1_1_1_1_1_1_1_1_1_1_1_1_1_1_1_1_1_1_1_1_1_1_1_1_1_1_1_1_1_1_1_1_1_1_1_1_1_1_1_1_1_1_1_1_1_1_1_1_1_1_1_1_1_1_1_1_2_0,10,58264.123442630465,2500,328607.2751090889,-0.41974365939531816,0.2103052752378194,0,0.15844841950840163,0.04978118443447822,0.14801298216173217,5,5034.59500740711,2005,"{""type"":""MultiPoint"",""coordinates"":[]}"
1_1_1_1_1_1_1_1_1_1_1_1_1_1_1_1_1_1_1_1_1_1_1_1_1_1_1_1_1_1_1_1_1_1_1_1_1_1_1_1_1_1_1_1_1_1_1_1_1_1_1_1_1_1_1_1_1_1_1_1_1_1_1_1_1_1_1_1_1_1_1_1_1_1_1_1_1_1_1_1_1_1_1_1_1_1_1_1_1_1_1_1_1_1_1_1_1_1_1_1_1_1_1_1_1_1_1_1_1_1_1_1_1_1_1_1_1_1_1_1_1_1_1_1_1_1_1_1_1_1_1_1_1_1_1_1_1_1_1_1_1_1_1_1_1_1_1_1_1_1_1_1_1_1_2_0,10,58264.123442630465,2500,331872.06458034867,-0.41974365939531816,0.2103052752378194,0.1,0.15844841950840163,0.04978118443447822,0.14801298216173217,5,1769.8055361436284,2005,"{""type"":""MultiPoint"",""coordinates"":[]}"
1_1_1_1_1_1_1_1_1_1_1_1_1_1_1_1_1_1_1_1_1_1_1_1_1_1_1_1_1_1_1_1_1_1_1_1_1_1_1_1_1_1_1_1_1_1_1_1_1_1_1_1_1_1_1_1_1_1_1_1_1_1_1_1_1_1_1_1_1_1_1_1_1_1_1_1_1_1_1_1_1_1_1_1_1_1_1_1_1_1_1_1_1_1_1_1_1_1_1_1_1_1_1_1_1_1_1_1_1_1_1_1_1_1_1_1_1_1_1_1_1_1_1_1_1_1_1_1_1_1_1_1_1_1_1_1_1_1_1_1_1_1_1_1_1_1_1_1_1_1_1_1_1_2_0,10,58264.123442630465,2500,332107.7465921189,-0.41974365939531816,0.2103052752378194,0.2,0.15844841950840163,0.04978118443447822,0.14801298216173217,5,1534.1235243730405,2005,"{""type"":""MultiPoint"",""coordinates"":[]}"
1_1_1_1_1_1_1_1_1_1_1_1_1_1_1_1_1_1_1_1_1_1_1_1_1_1_1_1_1_1_1_1_1_1_1_1_1_1_1_1_1_1_1_1_1_1_1_1_1_1_1_1_1_1_1_1_1_1_1_1_1_1_1_1_1_1_1_1_1_1_1_1_1_1_1_1_1_1_1_1_1_1_1_1_1_1_1_1_1_1_1_1_1_1_1_1_1_1_1_1_1_1_1_1_1_1_1_1_1_1_1_1_1_1_1_1_1_1_1_1_1_1_1_1_1_1_1_1_1_1_1_1_1_1_1_1_1_1_1_1_1_1_1_1_1_1_1_1_1_1_1_1_2_0,10,58264.123442630465,2500,332425.7762961462,-0.41974365939531816,0.2103052752378194,0.3,0.15844841950840163,0.04978118443447822,0.14801298216173217,5,1216.0938203453425,2005,"{""type"":""MultiPoint"",""coordinates"":[]}"
1_1_1_1_1_1_1_1_1_1_1_1_1_1_1_1_1_1_1_1_1_1_1_1_1_1_1_1_1_1_1_1_1_1_1_1_1_1_1_1_1_1_1_1_1_1_1_1_1_1_1_1_1_1_1_1_1_1_1_1_1_1_1_1_1_1_1_1_1_1_1_1_1_1_1_1_1_1_1_1_1_1_1_1_1_1_1_1_1_1_1_1_1_1_1_1_1_1_1_1_1_1_1_1_1_1_1_1_1_1_1_1_1_1_1_1_1_1_1_1_1_1_1_1_1_1_1_1_1_1_1_1_1_1_1_1_1_1_1_1_1_1_1_1_1_1_1_1_1_1_1_2_0,10,58264.123442630465,2500,327356.8553772814,-0.34243718280389046,0.184102533694692,0,0.411824262608936,0.1194208084974813,0.21984699111567493,4,6285.014739212289,2006,"{""type"":""MultiPoint"",""coordinates"":[]}"
1_1_1_1_1_1_1_1_1_1_1_1_1_1_1_1_1_1_1_1_1_1_1_1_1_1_1_1_1_1_1_1_1_1_1_1_1_1_1_1_1_1_1_1_1_1_1_1_1_1_1_1_1_1_1_1_1_1_1_1_1_1_1_1_1_1_1_1_1_1_1_1_1_1_1_1_1_1_1_1_1_1_1_1_1_1_1_1_1_1_1_1_1_1_1_1_1_1_1_1_1_1_1_1_1_1_1_1_1_1_1_1_1_1_1_1_1_1_1_1_1_1_1_1_1_1_1_1_1_1_1_1_1_1_1_1_1_1_1_1_1_1_1_1_1_1_1_1_1_1_2_0,10,58264.123442630465,2500,332049.583017084,-0.34243718280389046,0.184102533694692,0.1,0.411824262608936,0.1194208084974813,0.21984699111567493,4,1592.287099408088,2006,"{""type"":""MultiPoint"",""coordinates"":[]}"
1_1_1_1_1_1_1_1_1_1_1_1_1_1_1_1_1_1_1_1_1_1_1_1_1_1_1_1_1_1_1_1_1_1_1_1_1_1_1_1_1_1_1_1_1_1_1_1_1_1_1_1_1_1_1_1_1_1_1_1_1_1_1_1_1_1_1_1_1_1_1_1_1_1_1_1_1_1_1_1_1_1_1_1_1_1_1_1_1_1_1_1_1_1_1_1_1_1_1_1_1_1_1_1_1_1_1_1_1_1_1_1_1_1_1_1_1_1_1_1_1_1_1_1_1_1_1_1_1_1_1_1_1_1_1_1_1_1_1_1_1_1_1_1_1_1_1_1_1_2_0,10,58264.123442630465,2500,332718.2983616507,-0.34243718280389046,0.184102533694692,0.2,0.411824262608936,0.1194208084974813,0.21984699111567493,4,923.5717548409318,2006,"{""type"":""MultiPoint"",""coordinates"":[]}"
1_1_1_1_1_1_1_1_1_1_1_1_1_1_1_1_1_1_1_1_1_1_1_1_1_1_1_1_1_1_1_1_1_1_1_1_1_1_1_1_1_1_1_1_1_1_1_1_1_1_1_1_1_1_1_1_1_1_1_1_1_1_1_1_1_1_1_1_1_1_1_1_1_1_1_1_1_1_1_1_1_1_1_1_1_1_1_1_1_1_1_1_1_1_1_1_1_1_1_1_1_1_1_1_1_1_1_1_1_1_1_1_1_1_1_1_1_1_1_1_1_1_1_1_1_1_1_1_1_1_1_1_1_1_1_1_1_1_1_1_1_1_1_1_1_1_1_1_2_0,10,58264.123442630465,2500,332946.87567291106,-0.34243718280389046,0.184102533694692,0.3,0.411824262608936,0.1194208084974813,0.21984699111567493,4,694.9944435803922,2006,"{""type"":""MultiPoint"",""coordinates"":[]}"
1_1_1_1_1_1_1_1_1_1_1_1_1_1_1_1_1_1_1_1_1_1_1_1_1_1_1_1_1_1_1_1_1_1_1_1_1_1_1_1_1_1_1_1_1_1_1_1_1_1_1_1_1_1_1_1_1_1_1_1_1_1_1_1_1_1_1_1_1_1_1_1_1_1_1_1_1_1_1_1_1_1_1_1_1_1_1_1_1_1_1_1_1_1_1_1_1_1_1_1_1_1_1_1_1_1_1_1_1_1_1_1_1_1_1_1_1_1_1_1_1_1_1_1_1_1_1_1_1_1_1_1_1_1_1_1_1_1_1_1_1_1_1_1_1_1_1_2_0,10,58264.123442630465,2500,328489.60526160785,-0.40016591051986333,0.21155619488049485,0,0.19188857395841047,0.0592329236221377,0.15319317125264323,5,5152.2648548884845,2006,"{""type"":""MultiPoint"",""coordinates"":[]}"
1_1_1_1_1_1_1_1_1_1_1_1_1_1_1_1_1_1_1_1_1_1_1_1_1_1_1_1_1_1_1_1_1_1_1_1_1_1_1_1_1_1_1_1_1_1_1_1_1_1_1_1_1_1_1_1_1_1_1_1_1_1_1_1_1_1_1_1_1_1_1_1_1_1_1_1_1_1_1_1_1_1_1_1_1_1_1_1_1_1_1_1_1_1_1_1_1_1_1_1_1_1_1_1_1_1_1_1_1_1_1_1_1_1_1_1_1_1_1_1_1_1_1_1_1_1_1_1_1_1_1_1_1_1_1_1_1_1_1_1_1_1_1_1_1_1_2_0,10,58264.123442630465,2500,331883.3898128981,-0.40016591051986333,0.21155619488049485,0.1,0.19188857395841047,0.0592329236221377,0.15319317125264323,5,1758.480303594118,2006,"{""type"":""MultiPoint"",""coordinates"":[]}"
1_1_1_1_1_1_1_1_1_1_1_1_1_1_1_1_1_1_1_1_1_1_1_1_1_1_1_1_1_1_1_1_1_1_1_1_1_1_1_1_1_1_1_1_1_1_1_1_1_1_1_1_1_1_1_1_1_1_1_1_1_1_1_1_1_1_1_1_1_1_1_1_1_1_1_1_1_1_1_1_1_1_1_1_1_1_1_1_1_1_1_1_1_1_1_1_1_1_1_1_1_1_1_1_1_1_1_1_1_1_1_1_1_1_1_1_1_1_1_1_1_1_1_1_1_1_1_1_1_1_1_1_1_1_1_1_1_1_1_1_1_1_1_1_1_2_0,10,58264.123442630465,2500,332111.7513694195,-0.40016591051986333,0.21155619488049485,0.2,0.19188857395841047,0.0592329236221377,0.15319317125264323,5,1530.1187470725515,2006,"{""type"":""MultiPoint"",""coordinates"":[]}"
1_1_1_1_1_1_1_1_1_1_1_1_1_1_1_1_1_1_1_1_1_1_1_1_1_1_1_1_1_1_1_1_1_1_1_1_1_1_1_1_1_1_1_1_1_1_1_1_1_1_1_1_1_1_1_1_1_1_1_1_1_1_1_1_1_1_1_1_1_1_1_1_1_1_1_1_1_1_1_1_1_1_1_1_1_1_1_1_1_1_1_1_1_1_1_1_1_1_1_1_1_1_1_1_1_1_1_1_1_1_1_1_1_1_1_1_1_1_1_1_1_1_1_1_1_1_1_1_1_1_1_1_1_1_1_1_1_1_1_1_1_1_1_1_2_0,10,58264.123442630465,2500,332420.07504346117,-0.40016591051986333,0.21155619488049485,0.3,0.19188857395841047,0.0592329236221377,0.15319317125264323,5,1221.7950730303912,2006,"{""type"":""MultiPoint"",""coordinates"":[]}"
1_1_1_1_1_1_1_1_1_1_1_1_1_1_1_1_1_1_1_1_1_1_1_1_1_1_1_1_1_1_1_1_1_1_1_1_1_1_1_1_1_1_1_1_1_1_1_1_1_1_1_1_1_1_1_1_1_1_1_1_1_1_1_1_1_1_1_1_1_1_1_1_1_1_1_1_1_1_1_1_1_1_1_1_1_1_1_1_1_1_1_1_1_1_1_1_1_1_1_1_1_1_1_1_1_1_1_1_1_1_1_1_1_1_1_1_1_1_1_1_1_1_1_1_1_1_1_1_1_1_1_1_1_1_1_1_1_1_1_1_1_1_1_2_0,10,58264.123442630465,2500,328405.0148724242,-0.3842624124697648,0.2047006755148655,0,0.23549750878513542,0.0739699312853517,0.18566005163440213,4,5236.85524407135,2007,"{""type"":""MultiPoint"",""coordinates"":[]}"
1_1_1_1_1_1_1_1_1_1_1_1_1_1_1_1_1_1_1_1_1_1_1_1_1_1_1_1_1_1_1_1_1_1_1_1_1_1_1_1_1_1_1_1_1_1_1_1_1_1_1_1_1_1_1_1_1_1_1_1_1_1_1_1_1_1_1_1_1_1_1_1_1_1_1_1_1_1_1_1_1_1_1_1_1_1_1_1_1_1_1_1_1_1_1_1_1_1_1_1_1_1_1_1_1_1_1_1_1_1_1_1_1_1_1_1_1_1_1_1_1_1_1_1_1_1_1_1_1_1_1_1_1_1_1_1_1_1_1_1_1_1_2_0,10,58264.123442630465,2500,331970.8010120754,-0.3842624124697648,0.2047006755148655,0.1,0.23549750878513542,0.0739699312853517,0.18566005163440213,4,1671.0691044169134,2007,"{""type"":""MultiPoint"",""coordinates"":[]}"
1_1_1_1_1_1_1_1_1_1_1_1_1_1_1_1_1_1_1_1_1_1_1_1_1_1_1_1_1_1_1_1_1_1_1_1_1_1_1_1_1_1_1_1_1_1_1_1_1_1_1_1_1_1_1_1_1_1_1_1_1_1_1_1_1_1_1_1_1_1_1_1_1_1_1_1_1_1_1_1_1_1_1_1_1_1_1_1_1_1_1_1_1_1_1_1_1_1_1_1_1_1_1_1_1_1_1_1_1_1_1_1_1_1_1_1_1_1_1_1_1_1_1_1_1_1_1_1_1_1_1_1_1_1_1_1_1_1_1_1_1_2_0,10,58264.123442630465,2500,332535.1487696438,-0.3842624124697648,0.2047006755148655,0.2,0.23549750878513542,0.0739699312853517,0.18566005163440213,4,1106.7213468477962,2007,"{""type"":""MultiPoint"",""coordinates"":[]}"
1_1_1_1_1_1_1_1_1_1_1_1_1_1_1_1_1_1_1_1_1_1_1_1_1_1_1_1_1_1_1_1_1_1_1_1_1_1_1_1_1_1_1_1_1_1_1_1_1_1_1_1_1_1_1_1_1_1_1_1_1_1_1_1_1_1_1_1_1_1_1_1_1_1_1_1_1_1_1_1_1_1_1_1_1_1_1_1_1_1_1_1_1_1_1_1_1_1_1_1_1_1_1_1_1_1_1_1_1_1_1_1_1_1_1_1_1_1_1_1_1_1_1_1_1_1_1_1_1_1_1_1_1_1_1_1_1_1_1_1_2_0,10,58264.123442630465,2500,332777.1819205268,-0.3842624124697648,0.2047006755148655,0.3,0.23549750878513542,0.0739699312853517,0.18566005163440213,4,864.6881959644602,2007,"{""type"":""MultiPoint"",""coordinates"":[]}"
1_1_1_1_1_1_1_1_1_1_1_1_1_1_1_1_1_1_1_1_1_1_1_1_1_1_1_1_1_1_1_1_1_1_1_1_1_1_1_1_1_1_1_1_1_1_1_1_1_1_1_1_1_1_1_1_1_1_1_1_1_1_1_1_1_1_1_1_1_1_1_1_1_1_1_1_1_1_1_1_1_1_1_1_1_1_1_1_1_1_1_1_1_1_1_1_1_1_1_1_1_1_1_1_1_1_1_1_1_1_1_1_1_1_1_1_1_1_1_1_1_1_1_1_1_1_1_1_1_1_1_1_1_1_1_1_1_1_1_2_0,10,58264.123442630465,2500,329247.187736519,-0.41882469945167344,0.214351995618193,0,0.13045649902081177,0.04257203096220949,0.129601590987127,5,4394.021725975985,2007,"{""type"":""MultiPoint"",""coordinates"":[]}"
1_1_1_1_1_1_1_1_1_1_1_1_1_1_1_1_1_1_1_1_1_1_1_1_1_1_1_1_1_1_1_1_1_1_1_1_1_1_1_1_1_1_1_1_1_1_1_1_1_1_1_1_1_1_1_1_1_1_1_1_1_1_1_1_1_1_1_1_1_1_1_1_1_1_1_1_1_1_1_1_1_1_1_1_1_1_1_1_1_1_1_1_1_1_1_1_1_1_1_1_1_1_1_1_1_1_1_1_1_1_1_1_1_1_1_1_1_1_1_1_1_1_1_1_1_1_1_1_1_1_1_1_1_1_1_1_1_1_2_0,10,58264.123442630465,2500,331929.6563940923,-0.41882469945167344,0.214351995618193,0.1,0.13045649902081177,0.04257203096220949,0.129601590987127,5,1711.5530684000014,2007,"{""type"":""MultiPoint"",""coordinates"":[]}"
1_1_1_1_1_1_1_1_1_1_1_1_1_1_1_1_1_1_1_1_1_1_1_1_1_1_1_1_1_1_1_1_1_1_1_1_1_1_1_1_1_1_1_1_1_1_1_1_1_1_1_1_1_1_1_1_1_1_1_1_1_1_1_1_1_1_1_1_1_1_1_1_1_1_1_1_1_1_1_1_1_1_1_1_1_1_1_1_1_1_1_1_1_1_1_1_1_1_1_1_1_1_1_1_1_1_1_1_1_1_1_1_1_1_1_1_1_1_1_1_1_1_1_1_1_1_1_1_1_1_1_1_1_1_1_1_1_2_0,10,58264.123442630465,2500,332106.90185823705,-0.41882469945167344,0.214351995618193,0.2,0.13045649902081177,0.04257203096220949,0.129601590987127,5,1534.3076042551472,2007,"{""type"":""MultiPoint"",""coordinates"":[]}"
1_1_1_1_1_1_1_1_1_1_1_1_1_1_1_1_1_1_1_1_1_1_1_1_1_1_1_1_1_1_1_1_1_1_1_1_1_1_1_1_1_1_1_1_1_1_1_1_1_1_1_1_1_1_1_1_1_1_1_1_1_1_1_1_1_1_1_1_1_1_1_1_1_1_1_1_1_1_1_1_1_1_1_1_1_1_1_1_1_1_1_1_1_1_1_1_1_1_1_1_1_1_1_1_1_1_1_1_1_1_1_1_1_1_1_1_1_1_1_1_1_1_1_1_1_1_1_1_1_1_1_1_1_1_1_1_2_0,10,58264.123442630465,2500,332319.24593856494,-0.41882469945167344,0.214351995618193,0.3,0.13045649902081177,0.04257203096220949,0.129601590987127,5,1321.9635239269614,2007,"{""type"":""MultiPoint"",""coordinates"":[]}"
1_1_1_1_1_1_1_1_1_1_1_1_1_1_1_1_1_1_1_1_1_1_1_1_1_1_1_1_1_1_1_1_1_1_1_1_1_1_1_1_1_1_1_1_1_1_1_1_1_1_1_1_1_1_1_1_1_1_1_1_1_1_1_1_1_1_1_1_1_1_1_1_1_1_1_1_1_1_1_1_1_1_1_1_1_1_1_1_1_1_1_1_1_1_1_1_1_1_1_1_1_1_1_1_1_1_1_1_1_1_1_1_1_1_1_1_1_1_1_1_1_1_1_1_1_1_1_1_1_1_1_1_1_1_1_2_0,10,58264.123442630465,2500,329208.9740427355,-0.36566452319249243,0.19756377310490797,0,0.3078373942956381,0.08380723263718762,0.20373132815105258,4,4430.317695008827,2008,"{""type"":""MultiPoint"",""coordinates"":[]}"
1_1_1_1_1_1_1_1_1_1_1_1_1_1_1_1_1_1_1_1_1_1_1_1_1_1_1_1_1_1_1_1_1_1_1_1_1_1_1_1_1_1_1_1_1_1_1_1_1_1_1_1_1_1_1_1_1_1_1_1_1_1_1_1_1_1_1_1_1_1_1_1_1_1_1_1_1_1_1_1_1_1_1_1_1_1_1_1_1_1_1_1_1_1_1_1_1_1_1_1_1_1_1_1_1_1_1_1_1_1_1_1_1_1_1_1_1_1_1_1_1_1_1_1_1_1_1_1_1_1_1_1_1_1_2_0,10,58264.123442630465,2500,332041.11499383283,-0.36566452319249243,0.19756377310490797,0.1,0.3078373942956381,0.08380723263718762,0.20373132815105258,4,1598.1767439093162,2008,"{""type"":""MultiPoint"",""coordinates"":[]}"
1_1_1_1_1_1_1_1_1_1_1_1_1_1_1_1_1_1_1_1_1_1_1_1_1_1_1_1_1_1_1_1_1_1_1_1_1_1_1_1_1_1_1_1_1_1_1_1_1_1_1_1_1_1_1_1_1_1_1_1_1_1_1_1_1_1_1_1_1_1_1_1_1_1_1_1_1_1_1_1_1_1_1_1_1_1_1_1_1_1_1_1_1_1_1_1_1_1_1_1_1_1_1_1_1_1_1_1_1_1_1_1_1_1_1_1_1_1_1_1_1_1_1_1_1_1_1_1_1_1_1_1_1_2_0,10,58264.123442630465,2500,332607.9819543211,-0.36566452319249243,0.19756377310490797,0.2,0.3078373942956381,0.08380723263718762,0.20373132815105258,4,1031.3097834203445,2008,"{""type"":""MultiPoint"",""coordinates"":[]}"
1_1_1_1_1_1_1_1_1_1_1_1_1_1_1_1_1_1_1_1_1_1_1_1_1_1_1_1_1_1_1_1_1_1_1_1_1_1_1_1_1_1_1_1_1_1_1_1_1_1_1_1_1_1_1_1_1_1_1_1_1_1_1_1_1_1_1_1_1_1_1_1_1_1_1_1_1_1_1_1_1_1_1_1_1_1_1_1_1_1_1_1_1_1_1_1_1_1_1_1_1_1_1_1_1_1_1_1_1_1_1_1_1_1_1_1_1_1_1_1_1_1_1_1_1_1_1_1_1_1_1_1_2_0,10,58264.123442630465,2500,332860.9790863115,-0.36566452319249243,0.19756377310490797,0.3,0.3078373942956381,0.08380723263718762,0.20373132815105258,4,778.3126514296573,2008,"{""type"":""MultiPoint"",""coordinates"":[]}"
1_1_1_1_1_1_1_1_1_1_1_1_1_1_1_1_1_1_1_1_1_1_1_1_1_1_1_1_1_1_1_1_1_1_1_1_1_1_1_1_1_1_1_1_1_1_1_1_1_1_1_1_1_1_1_1_1_1_1_1_1_1_1_1_1_1_1_1_1_1_1_1_1_1_1_1_1_1_1_1_1_1_1_1_1_1_1_1_1_1_1_1_1_1_1_1_1_1_1_1_1_1_1_1_1_1_1_1_1_1_1_1_1_1_1_1_1_1_1_1_1_1_1_1_1_1_1_1_1_1_1_2_0,10,58264.123442630465,2500,330050.7199144852,-0.4174785916355343,0.20789486525932988,0,0.14725635646894003,0.03194655062420244,0.10646170255357236,5,3587.9293068835855,2008,"{""type"":""MultiPoint"",""coordinates"":[]}"
1_1_1_1_1_1_1_1_1_1_1_1_1_1_1_1_1_1_1_1_1_1_1_1_1_1_1_1_1_1_1_1_1_1_1_1_1_1_1_1_1_1_1_1_1_1_1_1_1_1_1_1_1_1_1_1_1_1_1_1_1_1_1_1_1_1_1_1_1_1_1_1_1_1_1_1_1_1_1_1_1_1_1_1_1_1_1_1_1_1_1_1_1_1_1_1_1_1_1_1_1_1_1_1_1_1_1_1_1_1_1_1_1_1_1_1_1_1_1_1_1_1_1_1_1_1_1_1_1_1_2_0,10,58264.123442630465,2500,331948.0610637517,-0.4174785916355343,0.20789486525932988,0.1,0.14725635646894003,0.03194655062420244,0.10646170255357236,5,1690.5881576156876,2008,"{""type"":""MultiPoint"",""coordinates"":[]}"
1_1_1_1_1_1_1_1_1_1_1_1_1_1_1_1_1_1_1_1_1_1_1_1_1_1_1_1_1_1_1_1_1_1_1_1_1_1_1_1_1_1_1_1_1_1_1_1_1_1_1_1_1_1_1_1_1_1_1_1_1_1_1_1_1_1_1_1_1_1_1_1_1_1_1_1_1_1_1_1_1_1_1_1_1_1_1_1_1_1_1_1_1_1_1_1_1_1_1_1_1_1_1_1_1_1_1_1_1_1_1_1_1_1_1_1_1_1_1_1_1_1_1_1_1_1_1_1_1_2_0,10,58264.123442630465,2500,332140.8152941343,-0.4174785916355343,0.20789486525932988,0.2,0.14725635646894003,0.03194655062420244,0.10646170255357236,5,1497.833927232843,2008,"{""type"":""MultiPoint"",""coordinates"":[]}"
1_1_1_1_1_1_1_1_1_1_1_1_1_1_1_1_1_1_1_1_1_1_1_1_1_1_1_1_1_1_1_1_1_1_1_1_1_1_1_1_1_1_1_1_1_1_1_1_1_1_1_1_1_1_1_1_1_1_1_1_1_1_1_1_1_1_1_1_1_1_1_1_1_1_1_1_1_1_1_1_1_1_1_1_1_1_1_1_1_1_1_1_1_1_1_1_1_1_1_1_1_1_1_1_1_1_1_1_1_1_1_1_1_1_1_1_1_1_1_1_1_1_1_1_1_1_1_1_2_0,10,58264.123442630465,2500,332425.13490960567,-0.4174785916355343,0.20789486525932988,0.3,0.14725635646894003,0.03194655062420244,0.10646170255357236,5,1213.5143117610296,2008,"{""type"":""MultiPoint"",""coordinates"":[]}"
1_1_1_1_1_1_1_1_1_1_1_1_1_1_1_1_1_1_1_1_1_1_1_1_1_1_1_1_1_1_1_1_1_1_1_1_1_1_1_1_1_1_1_1_1_1_1_1_1_1_1_1_1_1_1_1_1_1_1_1_1_1_1_1_1_1_1_1_1_1_1_1_1_1_1_1_1_1_1_1_1_1_1_1_1_1_1_1_1_1_1_1_1_1_1_1_1_1_1_1_1_1_1_1_1_1_1_1_1_1_1_1_1_1_1_1_1_1_1_1_1_1_1_1_1_1_1_2_0,10,58264.123442630465,2500,326921.0007941609,-0.37293765211371327,0.1985475671075921,0,0.26322541005465533,0.0829319320890779,0.19561745613035866,4,6720.869322331891,2009,"{""type"":""MultiPoint"",""coordinates"":[]}"
1_1_1_1_1_1_1_1_1_1_1_1_1_1_1_1_1_1_1_1_1_1_1_1_1_1_1_1_1_1_1_1_1_1_1_1_1_1_1_1_1_1_1_1_1_1_1_1_1_1_1_1_1_1_1_1_1_1_1_1_1_1_1_1_1_1_1_1_1_1_1_1_1_1_1_1_1_1_1_1_1_1_1_1_1_1_1_1_1_1_1_1_1_1_1_1_1_1_1_1_1_1_1_1_1_1_1_1_1_1_1_1_1_1_1_1_1_1_1_1_1_1_1_1_1_1_2_0,10,58264.123442630465,2500,332069.67900340474,-0.37293765211371327,0.1985475671075921,0.1,0.26322541005465533,0.0829319320890779,0.19561745613035866,4,1572.1911130875021,2009,"{""type"":""MultiPoint"",""coordinates"":[]}"
1_1_1_1_1_1_1_1_1_1_1_1_1_1_1_1_1_1_1_1_1_1_1_1_1_1_1_1_1_1_1_1_1_1_1_1_1_1_1_1_1_1_1_1_1_1_1_1_1_1_1_1_1_1_1_1_1_1_1_1_1_1_1_1_1_1_1_1_1_1_1_1_1_1_1_1_1_1_1_1_1_1_1_1_1_1_1_1_1_1_1_1_1_1_1_1_1_1_1_1_1_1_1_1_1_1_1_1_1_1_1_1_1_1_1_1_1_1_1_1_1_1_1_1_1_2_0,10,58264.123442630465,2500,332676.30041882134,-0.37293765211371327,0.1985475671075921,0.2,0.26322541005465533,0.0829319320890779,0.19561745613035866,4,965.5696976703435,2009,"{""type"":""MultiPoint"",""coordinates"":[]}"
1_1_1_1_1_1_1_1_1_1_1_1_1_1_1_1_1_1_1_1_1_1_1_1_1_1_1_1_1_1_1_1_1_1_1_1_1_1_1_1_1_1_1_1_1_1_1_1_1_1_1_1_1_1_1_1_1_1_1_1_1_1_1_1_1_1_1_1_1_1_1_1_1_1_1_1_1_1_1_1_1_1_1_1_1_1_1_1_1_1_1_1_1_1_1_1_1_1_1_1_1_1_1_1_1_1_1_1_1_1_1_1_1_1_1_1_1_1_1_1_1_1_1_1_2_0,10,58264.123442630465,2500,333018.5558414225,-0.37293765211371327,0.1985475671075921,0.3,0.26322541005465533,0.0829319320890779,0.19561745613035866,4,623.3142750686278,2009,"{""type"":""MultiPoint"",""coordinates"":[]}"
1_1_1_1_1_1_1_1_1_1_1_1_1_1_1_1_1_1_1_1_1_1_1_1_1_1_1_1_1_1_1_1_1_1_1_1_1_1_1_1_1_1_1_1_1_1_1_1_1_1_1_1_1_1_1_1_1_1_1_1_1_1_1_1_1_1_1_1_1_1_1_1_1_1_1_1_1_1_1_1_1_1_1_1_1_1_1_1_1_1_1_1_1_1_1_1_1_1_1_1_1_1_1_1_1_1_1_1_1_1_1_1_1_1_1_1_1_1_1_1_1_1_1_2_0,10,58264.123442630465,2500,327849.4320703206,-0.40845320197470536,0.21185935496842775,0,0.14711783119871147,0.04939748794196256,0.15476485373931193,5,5792.438046174053,2009,"{""type"":""MultiPoint"",""coordinates"":[]}"
1_1_1_1_1_1_1_1_1_1_1_1_1_1_1_1_1_1_1_1_1_1_1_1_1_1_1_1_1_1_1_1_1_1_1_1_1_1_1_1_1_1_1_1_1_1_1_1_1_1_1_1_1_1_1_1_1_1_1_1_1_1_1_1_1_1_1_1_1_1_1_1_1_1_1_1_1_1_1_1_1_1_1_1_1_1_1_1_1_1_1_1_1_1_1_1_1_1_1_1_1_1_1_1_1_1_1_1_1_1_1_1_1_1_1_1_1_1_1_1_1_1_2_0,10,58264.123442630465,2500,332021.10759011016,-0.40845320197470536,0.21185935496842775,0.1,0.14711783119871147,0.04939748794196256,0.15476485373931193,5,1620.762526382108,2009,"{""type"":""MultiPoint"",""coordinates"":[]}"
1_1_1_1_1_1_1_1_1_1_1_1_1_1_1_1_1_1_1_1_1_1_1_1_1_1_1_1_1_1_1_1_1_1_1_1_1_1_1_1_1_1_1_1_1_1_1_1_1_1_1_1_1_1_1_1_1_1_1_1_1_1_1_1_1_1_1_1_1_1_1_1_1_1_1_1_1_1_1_1_1_1_1_1_1_1_1_1_1_1_1_1_1_1_1_1_1_1_1_1_1_1_1_1_1_1_1_1_1_1_1_1_1_1_1_1_1_1_1_1_1_2_0,10,58264.123442630465,2500,332341.297549759,-0.40845320197470536,0.21185935496842775,0.2,0.14711783119871147,0.04939748794196256,0.15476485373931193,5,1300.572566732843,2009,"{""type"":""MultiPoint"",""coordinates"":[]}"
1_1_1_1_1_1_1_1_1_1_1_1_1_1_1_1_1_1_1_1_1_1_1_1_1_1_1_1_1_1_1_1_1_1_1_1_1_1_1_1_1_1_1_1_1_1_1_1_1_1_1_1_1_1_1_1_1_1_1_1_1_1_1_1_1_1_1_1_1_1_1_1_1_1_1_1_1_1_1_1_1_1_1_1_1_1_1_1_1_1_1_1_1_1_1_1_1_1_1_1_1_1_1_1_1_1_1_1_1_1_1_1_1_1_1_1_1_1_1_1_2_0,10,58264.123442630465,2500,332597.6120909621,-0.40845320197470536,0.21185935496842775,0.3,0.14711783119871147,0.04939748794196256,0.15476485373931193,5,1044.258025529411,2009,"{""type"":""MultiPoint"",""coordinates"":[]}"
1_1_1_1_1_1_1_1_1_1_1_1_1_1_1_1_1_1_1_1_1_1_1_1_1_1_1_1_1_1_1_1_1_1_1_1_1_1_1_1_1_1_1_1_1_1_1_1_1_1_1_1_1_1_1_1_1_1_1_1_1_1_1_1_1_1_1_1_1_1_1_1_1_1_1_1_1_1_1_1_1_1_1_1_1_1_1_1_1_1_1_1_1_1_1_1_1_1_1_1_1_1_1_1_1_1_1_1_1_1_1_1_1_1_1_1_1_1_1_2_0,10,58264.123442630465,2500,327474.34297363204,-0.3237896469530826,0.17397062486874487,0,0.5306779574773144,0.15068635943166925,0.25634538900245785,4,6167.527142861058,2010,"{""type"":""MultiPoint"",""coordinates"":[]}"
1_1_1_1_1_1_1_1_1_1_1_1_1_1_1_1_1_1_1_1_1_1_1_1_1_1_1_1_1_1_1_1_1_1_1_1_1_1_1_1_1_1_1_1_1_1_1_1_1_1_1_1_1_1_1_1_1_1_1_1_1_1_1_1_1_1_1_1_1_1_1_1_1_1_1_1_1_1_1_1_1_1_1_1_1_1_1_1_1_1_1_1_1_1_1_1_1_1_1_1_1_1_1_1_1_1_1_1_1_1_1_1_1_1_1_1_1_1_2_0,10,58264.123442630465,2500,332097.2256637503,-0.3237896469530826,0.17397062486874487,0.1,0.5306779574773144,0.15068635943166925,0.25634538900245785,4,1544.6444527416677,2010,"{""type"":""MultiPoint"",""coordinates"":[]}"
1_1_1_1_1_1_1_1_1_1_1_1_1_1_1_1_1_1_1_1_1_1_1_1_1_1_1_1_1_1_1_1_1_1_1_1_1_1_1_1_1_1_1_1_1_1_1_1_1_1_1_1_1_1_1_1_1_1_1_1_1_1_1_1_1_1_1_1_1_1_1_1_1_1_1_1_1_1_1_1_1_1_1_1_1_1_1_1_1_1_1_1_1_1_1_1_1_1_1_1_1_1_1_1_1_1_1_1_1_1_1_1_1_1_1_1_1_2_0,10,58264.123442630465,2500,333135.4691763063,-0.3237896469530826,0.17397062486874487,0.2,0.5306779574773144,0.15068635943166925,0.25634538900245785,4,506.40094018480437,2010,"{""type"":""MultiPoint"",""coordinates"":[]}"
1_1_1_1_1_1_1_1_1_1_1_1_1_1_1_1_1_1_1_1_1_1_1_1_1_1_1_1_1_1_1_1_1_1_1_1_1_1_1_1_1_1_1_1_1_1_1_1_1_1_1_1_1_1_1_1_1_1_1_1_1_1_1_1_1_1_1_1_1_1_1_1_1_1_1_1_1_1_1_1_1_1_1_1_1_1_1_1_1_1_1_1_1_1_1_1_1_1_1_1_1_1_1_1_1_1_1_1_1_1_1_1_1_1_1_1_2_0,10,58264.123442630465,2500,333348.90869262104,-0.3237896469530826,0.17397062486874487,0.3,0.5306779574773144,0.15068635943166925,0.25634538900245785,4,292.9614238700982,2010,"{""type"":""MultiPoint"",""coordinates"":[]}"
1_1_1_1_1_1_1_1_1_1_1_1_1_1_1_1_1_1_1_1_1_1_1_1_1_1_1_1_1_1_1_1_1_1_1_1_1_1_1_1_1_1_1_1_1_1_1_1_1_1_1_1_1_1_1_1_1_1_1_1_1_1_1_1_1_1_1_1_1_1_1_1_1_1_1_1_1_1_1_1_1_1_1_1_1_1_1_1_1_1_1_1_1_1_1_1_1_1_1_1_1_1_1_1_1_1_1_1_1_1_1_1_1_1_1_2_0,10,58264.123442630465,2500,328753.507700672,-0.4025589981948594,0.21062337992118801,0,0.24909614092500754,0.07112926525109795,0.17758199251194415,5,4888.362415824517,2010,"{""type"":""MultiPoint"",""coordinates"":[]}"
1_1_1_1_1_1_1_1_1_1_1_1_1_1_1_1_1_1_1_1_1_1_1_1_1_1_1_1_1_1_1_1_1_1_1_1_1_1_1_1_1_1_1_1_1_1_1_1_1_1_1_1_1_1_1_1_1_1_1_1_1_1_1_1_1_1_1_1_1_1_1_1_1_1_1_1_1_1_1_1_1_1_1_1_1_1_1_1_1_1_1_1_1_1_1_1_1_1_1_1_1_1_1_1_1_1_1_1_1_1_1_1_1_1_2_0,10,58264.123442630465,2500,331904.43187625404,-0.4025589981948594,0.21062337992118801,0.1,0.24909614092500754,0.07112926525109795,0.17758199251194415,5,1737.4382402382364,2010,"{""type"":""MultiPoint"",""coordinates"":[]}"
1_1_1_1_1_1_1_1_1_1_1_1_1_1_1_1_1_1_1_1_1_1_1_1_1_1_1_1_1_1_1_1_1_1_1_1_1_1_1_1_1_1_1_1_1_1_1_1_1_1_1_1_1_1_1_1_1_1_1_1_1_1_1_1_1_1_1_1_1_1_1_1_1_1_1_1_1_1_1_1_1_1_1_1_1_1_1_1_1_1_1_1_1_1_1_1_1_1_1_1_1_1_1_1_1_1_1_1_1_1_1_1_1_2_0,10,58264.123442630465,2500,332135.16392158694,-0.4025589981948594,0.21062337992118801,0.2,0.24909614092500754,0.07112926525109795,0.17758199251194415,5,1506.7061949049044,2010,"{""type"":""MultiPoint"",""coordinates"":[]}"
1_1_1_1_1_1_1_1_1_1_1_1_1_1_1_1_1_1_1_1_1_1_1_1_1_1_1_1_1_1_1_1_1_1_1_1_1_1_1_1_1_1_1_1_1_1_1_1_1_1_1_1_1_1_1_1_1_1_1_1_1_1_1_1_1_1_1_1_1_1_1_1_1_1_1_1_1_1_1_1_1_1_1_1_1_1_1_1_1_1_1_1_1_1_1_1_1_1_1_1_1_1_1_1_1_1_1_1_1_1_1_1_2_0,10,58264.123442630465,2500,332568.11483742355,-0.4025589981948594,0.21062337992118801,0.3,0.24909614092500754,0.07112926525109795,0.17758199251194415,5,1073.7552790678933,2010,"{""type"":""MultiPoint"",""coordinates"":[]}"
1_1_1_1_1_1_1_1_1_1_1_1_1_1_1_1_1_1_1_1_1_1_1_1_1_1_1_1_1_1_1_1_1_1_1_1_1_1_1_1_1_1_1_1_1_1_1_1_1_1_1_1_1_1_1_1_1_1_1_1_1_1_1_1_1_1_1_1_1_1_1_1_1_1_1_1_1_1_1_1_1_1_1_1_1_1_1_1_1_1_1_1_1_1_1_1_1_1_1_1_1_1_1_1_1_1_1_1_1_1_1_2_0,10,58264.123442630465,2500,329839.68578231585,-0.38746046533808975,0.18792763733477247,0,0.2407795047124385,0.07670786140124564,0.18182552839792232,4,3802.184334178437,2011,"{""type"":""MultiPoint"",""coordinates"":[]}"
1_1_1_1_1_1_1_1_1_1_1_1_1_1_1_1_1_1_1_1_1_1_1_1_1_1_1_1_1_1_1_1_1_1_1_1_1_1_1_1_1_1_1_1_1_1_1_1_1_1_1_1_1_1_1_1_1_1_1_1_1_1_1_1_1_1_1_1_1_1_1_1_1_1_1_1_1_1_1_1_1_1_1_1_1_1_1_1_1_1_1_1_1_1_1_1_1_1_1_1_1_1_1_1_1_1_1_1_1_1_2_0,10,58264.123442630465,2500,332020.9153061395,-0.38746046533808975,0.18792763733477247,0.1,0.2407795047124385,0.07670786140124564,0.18182552839792232,4,1620.9548103526975,2011,"{""type"":""MultiPoint"",""coordinates"":[]}"
1_1_1_1_1_1_1_1_1_1_1_1_1_1_1_1_1_1_1_1_1_1_1_1_1_1_1_1_1_1_1_1_1_1_1_1_1_1_1_1_1_1_1_1_1_1_1_1_1_1_1_1_1_1_1_1_1_1_1_1_1_1_1_1_1_1_1_1_1_1_1_1_1_1_1_1_1_1_1_1_1_1_1_1_1_1_1_1_1_1_1_1_1_1_1_1_1_1_1_1_1_1_1_1_1_1_1_1_1_2_0,10,58264.123442630465,2500,332916.43907007086,-0.38746046533808975,0.18792763733477247,0.2,0.2407795047124385,0.07670786140124564,0.18182552839792232,4,725.4310464203435,2011,"{""type"":""MultiPoint"",""coordinates"":[]}"
1_1_1_1_1_1_1_1_1_1_1_1_1_1_1_1_1_1_1_1_1_1_1_1_1_1_1_1_1_1_1_1_1_1_1_1_1_1_1_1_1_1_1_1_1_1_1_1_1_1_1_1_1_1_1_1_1_1_1_1_1_1_1_1_1_1_1_1_1_1_1_1_1_1_1_1_1_1_1_1_1_1_1_1_1_1_1_1_1_1_1_1_1_1_1_1_1_1_1_1_1_1_1_1_1_1_1_1_2_0,10,58264.123442630465,2500,333231.15240758145,-0.38746046533808975,0.18792763733477247,0.3,0.2407795047124385,0.07670786140124564,0.18182552839792232,4,410.7177089095595,2011,"{""type"":""MultiPoint"",""coordinates"":[]}"
1_1_1_1_1_1_1_1_1_1_1_1_1_1_1_1_1_1_1_1_1_1_1_1_1_1_1_1_1_1_1_1_1_1_1_1_1_1_1_1_1_1_1_1_1_1_1_1_1_1_1_1_1_1_1_1_1_1_1_1_1_1_1_1_1_1_1_1_1_1_1_1_1_1_1_1_1_1_1_1_1_1_1_1_1_1_1_1_1_1_1_1_1_1_1_1_1_1_1_1_1_1_1_1_1_1_1_2_0,10,58264.123442630465,2500,330391.9898017513,-0.4303542999060506,0.20323867158160663,0,0.11786974520888588,0.036701894829072663,0.1252218644368623,5,3248.559472740938,2011,"{""type"":""MultiPoint"",""coordinates"":[]}"
1_1_1_1_1_1_1_1_1_1_1_1_1_1_1_1_1_1_1_1_1_1_1_1_1_1_1_1_1_1_1_1_1_1_1_1_1_1_1_1_1_1_1_1_1_1_1_1_1_1_1_1_1_1_1_1_1_1_1_1_1_1_1_1_1_1_1_1_1_1_1_1_1_1_1_1_1_1_1_1_1_1_1_1_1_1_1_1_1_1_1_1_1_1_1_1_1_1_1_1_1_1_1_1_1_1_2_0,10,58264.123442630465,2500,331937.56140777195,-0.4303542999060506,0.20323867158160663,0.1,0.11786974520888588,0.036701894829072663,0.1252218644368623,5,1702.987866720344,2011,"{""type"":""MultiPoint"",""coordinates"":[]}"
1_1_1_1_1_1_1_1_1_1_1_1_1_1_1_1_1_1_1_1_1_1_1_1_1_1_1_1_1_1_1_1_1_1_1_1_1_1_1_1_1_1_1_1_1_1_1_1_1_1_1_1_1_1_1_1_1_1_1_1_1_1_1_1_1_1_1_1_1_1_1_1_1_1_1_1_1_1_1_1_1_1_1_1_1_1_1_1_1_1_1_1_1_1_1_1_1_1_1_1_1_1_1_1_1_2_0,10,58264.123442630465,2500,332261.554870634,-0.4303542999060506,0.20323867158160663,0.2,0.11786974520888588,0.036701894829072663,0.1252218644368623,5,1378.9944038578437,2011,"{""type"":""MultiPoint"",""coordinates"":[]}"
1_1_1_1_1_1_1_1_1_1_1_1_1_1_1_1_1_1_1_1_1_1_1_1_1_1_1_1_1_1_1_1_1_1_1_1_1_1_1_1_1_1_1_1_1_1_1_1_1_1_1_1_1_1_1_1_1_1_1_1_1_1_1_1_1_1_1_1_1_1_1_1_1_1_1_1_1_1_1_1_1_1_1_1_1_1_1_1_1_1_1_1_1_1_1_1_1_1_1_1_1_1_1_1_2_0,10,58264.123442630465,2500,332556.1276009231,-0.4303542999060506,0.20323867158160663,0.3,0.11786974520888588,0.036701894829072663,0.1252218644368623,5,1084.4216735683817,2011,"{""type"":""MultiPoint"",""coordinates"":[]}"
1_1_1_1_1_1_1_1_1_1_1_1_1_1_1_1_1_1_1_1_1_1_1_1_1_1_1_1_1_1_1_1_1_1_1_1_1_1_1_1_1_1_1_1_1_1_1_1_1_1_1_1_1_1_1_1_1_1_1_1_1_1_1_1_1_1_1_1_1_1_1_1_1_1_1_1_1_1_1_1_1_1_1_1_1_1_1_1_1_1_1_1_1_1_1_1_1_1_1_1_1_1_1_2_0,10,58264.123442630465,2500,329207.66536122136,-0.3910177025582769,0.19628225512188827,0,0.2259650733263643,0.06614134273735117,0.1844845717799163,4,4434.204755272548,2012,"{""type"":""MultiPoint"",""coordinates"":[]}"
1_1_1_1_1_1_1_1_1_1_1_1_1_1_1_1_1_1_1_1_1_1_1_1_1_1_1_1_1_1_1_1_1_1_1_1_1_1_1_1_1_1_1_1_1_1_1_1_1_1_1_1_1_1_1_1_1_1_1_1_1_1_1_1_1_1_1_1_1_1_1_1_1_1_1_1_1_1_1_1_1_1_1_1_1_1_1_1_1_1_1_1_1_1_1_1_1_1_1_1_1_1_2_0,10,58264.123442630465,2500,331997.844456475,-0.3910177025582769,0.19628225512188827,0.1,0.2259650733263643,0.06614134273735117,0.1844845717799163,4,1644.025660017157,2012,"{""type"":""MultiPoint"",""coordinates"":[]}"
1_1_1_1_1_1_1_1_1_1_1_1_1_1_1_1_1_1_1_1_1_1_1_1_1_1_1_1_1_1_1_1_1_1_1_1_1_1_1_1_1_1_1_1_1_1_1_1_1_1_1_1_1_1_1_1_1_1_1_1_1_1_1_1_1_1_1_1_1_1_1_1_1_1_1_1_1_1_1_1_1_1_1_1_1_1_1_1_1_1_1_1_1_1_1_1_1_1_1_1_1_2_0,10,58264.123442630465,2500,332766.8289814338,-0.3910177025582769,0.19628225512188827,0.2,0.2259650733263643,0.06614134273735117,0.1844845717799163,4,875.0411350575986,2012,"{""type"":""MultiPoint"",""coordinates"":[]}"
1_1_1_1_1_1_1_1_1_1_1_1_1_1_1_1_1_1_1_1_1_1_1_1_1_1_1_1_1_1_1_1_1_1_1_1_1_1_1_1_1_1_1_1_1_1_1_1_1_1_1_1_1_1_1_1_1_1_1_1_1_1_1_1_1_1_1_1_1_1_1_1_1_1_1_1_1_1_1_1_1_1_1_1_1_1_1_1_1_1_1_1_1_1_1_1_1_1_1_1_2_0,10,58264.123442630465,2500,333193.3759908858,-0.3910177025582769,0.19628225512188827,0.3,0.2259650733263643,0.06614134273735117,0.1844845717799163,4,448.4941256051478,2012,"{""type"":""MultiPoint"",""coordinates"":[]}"
1_1_1_1_1_1_1_1_1_1_1_1_1_1_1_1_1_1_1_1_1_1_1_1_1_1_1_1_1_1_1_1_1_1_1_1_1_1_1_1_1_1_1_1_1_1_1_1_1_1_1_1_1_1_1_1_1_1_1_1_1_1_1_1_1_1_1_1_1_1_1_1_1_1_1_1_1_1_1_1_1_1_1_1_1_1_1_1_1_1_1_1_1_1_1_1_1_1_1_2_0,10,58264.123442630465,2500,330031.19769031357,-0.4322216008629094,0.208413950999794,0,0.11917305479696506,0.02733065981110596,0.1037115377378817,5,3610.6724261801555,2012,"{""type"":""MultiPoint"",""coordinates"":[]}"
1_1_1_1_1_1_1_1_1_1_1_1_1_1_1_1_1_1_1_1_1_1_1_1_1_1_1_1_1_1_1_1_1_1_1_1_1_1_1_1_1_1_1_1_1_1_1_1_1_1_1_1_1_1_1_1_1_1_1_1_1_1_1_1_1_1_1_1_1_1_1_1_1_1_1_1_1_1_1_1_1_1_1_1_1_1_1_1_1_1_1_1_1_1_1_1_1_1_2_0,10,58264.123442630465,2500,331976.24449481996,-0.4322216008629094,0.208413950999794,0.1,0.11917305479696506,0.02733065981110596,0.1037115377378817,5,1665.6256216723045,2012,"{""type"":""MultiPoint"",""coordinates"":[]}"
1_1_1_1_1_1_1_1_1_1_1_1_1_1_1_1_1_1_1_1_1_1_1_1_1_1_1_1_1_1_1_1_1_1_1_1_1_1_1_1_1_1_1_1_1_1_1_1_1_1_1_1_1_1_1_1_1_1_1_1_1_1_1_1_1_1_1_1_1_1_1_1_1_1_1_1_1_1_1_1_1_1_1_1_1_1_1_1_1_1_1_1_1_1_1_1_1_2_0,10,58264.123442630465,2500,332164.0350489345,-0.4322216008629094,0.208413950999794,0.2,0.11917305479696506,0.02733065981110596,0.1037115377378817,5,1477.8350675575987,2012,"{""type"":""MultiPoint"",""coordinates"":[]}"
1_1_1_1_1_1_1_1_1_1_1_1_1_1_1_1_1_1_1_1_1_1_1_1_1_1_1_1_1_1_1_1_1_1_1_1_1_1_1_1_1_1_1_1_1_1_1_1_1_1_1_1_1_1_1_1_1_1_1_1_1_1_1_1_1_1_1_1_1_1_1_1_1_1_1_1_1_1_1_1_1_1_1_1_1_1_1_1_1_1_1_1_1_1_1_1_2_0,10,58264.123442630465,2500,332346.30005745357,-0.4322216008629094,0.208413950999794,0.3,0.11917305479696506,0.02733065981110596,0.1037115377378817,5,1295.5700590382357,2012,"{""type"":""MultiPoint"",""coordinates"":[]}"
1_1_1_1_1_1_1_1_1_1_1_1_1_1_1_1_1_1_1_1_1_1_1_1_1_1_1_1_1_1_1_1_1_1_1_1_1_1_1_1_1_1_1_1_1_1_1_1_1_1_1_1_1_1_1_1_1_1_1_1_1_1_1_1_1_1_1_1_1_1_1_1_1_1_1_1_1_1_1_1_1_1_1_1_1_1_1_1_1_1_1_1_1_1_1_2_0,10,58264.123442630465,2500,325705.9312142463,-0.3729571728981338,0.19857598689832104,0,0.3133190393349232,0.10847920197613374,0.23748606372216374,4,7935.938902247365,2013,"{""type"":""MultiPoint"",""coordinates"":[]}"
1_1_1_1_1_1_1_1_1_1_1_1_1_1_1_1_1_1_1_1_1_1_1_1_1_1_1_1_1_1_1_1_1_1_1_1_1_1_1_1_1_1_1_1_1_1_1_1_1_1_1_1_1_1_1_1_1_1_1_1_1_1_1_1_1_1_1_1_1_1_1_1_1_1_1_1_1_1_1_1_1_1_1_1_1_1_1_1_1_1_1_1_1_1_2_0,10,58264.123442630465,2500,331945.8390538436,-0.3729571728981338,0.19857598689832104,0.1,0.3133190393349232,0.10847920197613374,0.23748606372216374,4,1696.0310626485305,2013,"{""type"":""MultiPoint"",""coordinates"":[]}"
1_1_1_1_1_1_1_1_1_1_1_1_1_1_1_1_1_1_1_1_1_1_1_1_1_1_1_1_1_1_1_1_1_1_1_1_1_1_1_1_1_1_1_1_1_1_1_1_1_1_1_1_1_1_1_1_1_1_1_1_1_1_1_1_1_1_1_1_1_1_1_1_1_1_1_1_1_1_1_1_1_1_1_1_1_1_1_1_1_1_1_1_1_2_0,10,58264.123442630465,2500,332383.641346321,-0.3729571728981338,0.19857598689832104,0.2,0.3133190393349232,0.10847920197613374,0.23748606372216374,4,1258.2287701703433,2013,"{""type"":""MultiPoint"",""coordinates"":[]}"
1_1_1_1_1_1_1_1_1_1_1_1_1_1_1_1_1_1_1_1_1_1_1_1_1_1_1_1_1_1_1_1_1_1_1_1_1_1_1_1_1_1_1_1_1_1_1_1_1_1_1_1_1_1_1_1_1_1_1_1_1_1_1_1_1_1_1_1_1_1_1_1_1_1_1_1_1_1_1_1_1_1_1_1_1_1_1_1_1_1_1_1_2_0,10,58264.123442630465,2500,332771.2722357518,-0.3729571728981338,0.19857598689832104,0.3,0.3133190393349232,0.10847920197613374,0.23748606372216374,4,870.5978807394606,2013,"{""type"":""MultiPoint"",""coordinates"":[]}"
1_1_1_1_1_1_1_1_1_1_1_1_1_1_1_1_1_1_1_1_1_1_1_1_1_1_1_1_1_1_1_1_1_1_1_1_1_1_1_1_1_1_1_1_1_1_1_1_1_1_1_1_1_1_1_1_1_1_1_1_1_1_1_1_1_1_1_1_1_1_1_1_1_1_1_1_1_1_1_1_1_1_1_1_1_1_1_1_1_1_1_2_0,10,58264.123442630465,2500,327279.5300164073,-0.41377328943155434,0.21203298763508854,0,0.19816092725461676,0.06872928660704565,0.18525108866105178,5,6362.3401000867825,2013,"{""type"":""MultiPoint"",""coordinates"":[]}"
1_1_1_1_1_1_1_1_1_1_1_1_1_1_1_1_1_1_1_1_1_1_1_1_1_1_1_1_1_1_1_1_1_1_1_1_1_1_1_1_1_1_1_1_1_1_1_1_1_1_1_1_1_1_1_1_1_1_1_1_1_1_1_1_1_1_1_1_1_1_1_1_1_1_1_1_1_1_1_1_1_1_1_1_1_1_1_1_1_1_2_0,10,58264.123442630465,2500,331917.1352132187,-0.41377328943155434,0.21203298763508854,0.1,0.19816092725461676,0.06872928660704565,0.18525108866105178,5,1724.7349032735308,2013,"{""type"":""MultiPoint"",""coordinates"":[]}"
1_1_1_1_1_1_1_1_1_1_1_1_1_1_1_1_1_1_1_1_1_1_1_1_1_1_1_1_1_1_1_1_1_1_1_1_1_1_1_1_1_1_1_1_1_1_1_1_1_1_1_1_1_1_1_1_1_1_1_1_1_1_1_1_1_1_1_1_1_1_1_1_1_1_1_1_1_1_1_1_1_1_1_1_1_1_1_1_1_2_0,10,58264.123442630465,2500,332120.95135477604,-0.41377328943155434,0.21203298763508854,0.2,0.19816092725461676,0.06872928660704565,0.18525108866105178,5,1520.9187617159332,2013,"{""type"":""MultiPoint"",""coordinates"":[]}"
1_1_1_1_1_1_1_1_1_1_1_1_1_1_1_1_1_1_1_1_1_1_1_1_1_1_1_1_1_1_1_1_1_1_1_1_1_1_1_1_1_1_1_1_1_1_1_1_1_1_1_1_1_1_1_1_1_1_1_1_1_1_1_1_1_1_1_1_1_1_1_1_1_1_1_1_1_1_1_1_1_1_1_1_1_1_1_1_2_0,10,58264.123442630465,2500,332444.77348734014,-0.41377328943155434,0.21203298763508854,0.3,0.19816092725461676,0.06872928660704565,0.18525108866105178,5,1197.096629151225,2013,"{""type"":""MultiPoint"",""coordinates"":[]}"
1_1_1_1_1_1_1_1_1_1_1_1_1_1_1_1_1_1_1_1_1_1_1_1_1_1_1_1_1_1_1_1_1_1_1_1_1_1_1_1_1_1_1_1_1_1_1_1_1_1_1_1_1_1_1_1_1_1_1_1_1_1_1_1_1_1_1_1_1_1_1_1_1_1_1_1_1_1_1_1_1_1_1_1_1_1_1_2_0,10,58264.123442630465,2500,328541.6835237894,-0.38181241829880835,0.20115255959259107,0,0.2979378610876301,0.09777481547508045,0.2519336386751538,4,5100.186592705652,2014,"{""type"":""MultiPoint"",""coordinates"":[]}"
1_1_1_1_1_1_1_1_1_1_1_1_1_1_1_1_1_1_1_1_1_1_1_1_1_1_1_1_1_1_1_1_1_1_1_1_1_1_1_1_1_1_1_1_1_1_1_1_1_1_1_1_1_1_1_1_1_1_1_1_1_1_1_1_1_1_1_1_1_1_1_1_1_1_1_1_1_1_1_1_1_1_1_1_1_1_2_0,10,58264.123442630465,2500,331952.32140286977,-0.38181241829880835,0.20115255959259107,0.1,0.2979378610876301,0.09777481547508045,0.2519336386751538,4,1689.5487136223046,2014,"{""type"":""MultiPoint"",""coordinates"":[]}"
1_1_1_1_1_1_1_1_1_1_1_1_1_1_1_1_1_1_1_1_1_1_1_1_1_1_1_1_1_1_1_1_1_1_1_1_1_1_1_1_1_1_1_1_1_1_1_1_1_1_1_1_1_1_1_1_1_1_1_1_1_1_1_1_1_1_1_1_1_1_1_1_1_1_1_1_1_1_1_1_1_1_1_1_1_2_0,10,58264.123442630465,2500,332500.7299093093,-0.38181241829880835,0.20115255959259107,0.2,0.2979378610876301,0.09777481547508045,0.2519336386751538,4,1141.1402071818625,2014,"{""type"":""MultiPoint"",""coordinates"":[]}"
1_1_1_1_1_1_1_1_1_1_1_1_1_1_1_1_1_1_1_1_1_1_1_1_1_1_1_1_1_1_1_1_1_1_1_1_1_1_1_1_1_1_1_1_1_1_1_1_1_1_1_1_1_1_1_1_1_1_1_1_1_1_1_1_1_1_1_1_1_1_1_1_1_1_1_1_1_1_1_1_1_1_1_1_2_0,10,58264.123442630465,2500,332900.25577276835,-0.38181241829880835,0.20115255959259107,0.3,0.2979378610876301,0.09777481547508045,0.2519336386751538,4,741.6143437227938,2014,"{""type"":""MultiPoint"",""coordinates"":[]}"
1_1_1_1_1_1_1_1_1_1_1_1_1_1_1_1_1_1_1_1_1_1_1_1_1_1_1_1_1_1_1_1_1_1_1_1_1_1_1_1_1_1_1_1_1_1_1_1_1_1_1_1_1_1_1_1_1_1_1_1_1_1_1_1_1_1_1_1_1_1_1_1_1_1_1_1_1_1_1_1_1_1_1_2_0,10,58264.123442630465,2500,329226.97046084434,-0.422233455714906,0.21177371694432126,0,0.18667514283505243,0.05870695824577594,0.18036887697191126,5,4414.899655650492,2014,"{""type"":""MultiPoint"",""coordinates"":[]}"
1_1_1_1_1_1_1_1_1_1_1_1_1_1_1_1_1_1_1_1_1_1_1_1_1_1_1_1_1_1_1_1_1_1_1_1_1_1_1_1_1_1_1_1_1_1_1_1_1_1_1_1_1_1_1_1_1_1_1_1_1_1_1_1_1_1_1_1_1_1_1_1_1_1_1_1_1_1_1_1_1_1_2_0,10,58264.123442630465,2500,331934.7616720125,-0.422233455714906,0.21177371694432126,0.1,0.18667514283505243,0.05870695824577594,0.18036887697191126,5,1707.1084444796575,2014,"{""type"":""MultiPoint"",""coordinates"":[]}"
1_1_1_1_1_1_1_1_1_1_1_1_1_1_1_1_1_1_1_1_1_1_1_1_1_1_1_1_1_1_1_1_1_1_1_1_1_1_1_1_1_1_1_1_1_1_1_1_1_1_1_1_1_1_1_1_1_1_1_1_1_1_1_1_1_1_1_1_1_1_1_1_1_1_1_1_1_1_1_1_1_2_0,10,58264.123442630465,2500,332145.2456299885,-0.422233455714906,0.21177371694432126,0.2,0.18667514283505243,0.05870695824577594,0.18036887697191126,5,1496.624486503187,2014,"{""type"":""MultiPoint"",""coordinates"":[]}"
1_1_1_1_1_1_1_1_1_1_1_1_1_1_1_1_1_1_1_1_1_1_1_1_1_1_1_1_1_1_1_1_1_1_1_1_1_1_1_1_1_1_1_1_1_1_1_1_1_1_1_1_1_1_1_1_1_1_1_1_1_1_1_1_1_1_1_1_1_1_1_1_1_1_1_1_1_1_1_1_2_0,10,58264.123442630465,2500,332398.71120914904,-0.422233455714906,0.21177371694432126,0.3,0.18667514283505243,0.05870695824577594,0.18036887697191126,5,1243.158907342402,2014,"{""type"":""MultiPoint"",""coordinates"":[]}"
1_1_1_1_1_1_1_1_1_1_1_1_1_1_1_1_1_1_1_1_1_1_1_1_1_1_1_1_1_1_1_1_1_1_1_1_1_1_1_1_1_1_1_1_1_1_1_1_1_1_1_1_1_1_1_1_1_1_1_1_1_1_1_1_1_1_1_1_1_1_1_1_1_1_1_1_1_1_1_2_0,10,58264.123442630465,2500,328296.0423524253,-0.36627697402657416,0.18591435944597845,0,0.32343735996388673,0.10732453327677605,0.21936733577043374,4,5345.827764069874,2015,"{""type"":""MultiPoint"",""coordinates"":[]}"
1_1_1_1_1_1_1_1_1_1_1_1_1_1_1_1_1_1_1_1_1_1_1_1_1_1_1_1_1_1_1_1_1_1_1_1_1_1_1_1_1_1_1_1_1_1_1_1_1_1_1_1_1_1_1_1_1_1_1_1_1_1_1_1_1_1_1_1_1_1_1_1_1_1_1_1_1_1_2_0,10,58264.123442630465,2500,332171.29224911955,-0.36627697402657416,0.18591435944597845,0.1,0.32343735996388673,0.10732453327677605,0.21936733577043374,4,1470.5778673723041,2015,"{""type"":""MultiPoint"",""coordinates"":[]}"
1_1_1_1_1_1_1_1_1_1_1_1_1_1_1_1_1_1_1_1_1_1_1_1_1_1_1_1_1_1_1_1_1_1_1_1_1_1_1_1_1_1_1_1_1_1_1_1_1_1_1_1_1_1_1_1_1_1_1_1_1_1_1_1_1_1_1_1_1_1_1_1_1_1_1_1_1_2_0,10,58264.123442630465,2500,332826.9579154322,-0.36627697402657416,0.18591435944597845,0.2,0.32343735996388673,0.10732453327677605,0.21936733577043374,4,814.9122010590686,2015,"{""type"":""MultiPoint"",""coordinates"":[]}"
1_1_1_1_1_1_1_1_1_1_1_1_1_1_1_1_1_1_1_1_1_1_1_1_1_1_1_1_1_1_1_1_1_1_1_1_1_1_1_1_1_1_1_1_1_1_1_1_1_1_1_1_1_1_1_1_1_1_1_1_1_1_1_1_1_1_1_1_1_1_1_1_1_1_1_1_2_0,10,58264.123442630465,2500,333180.1833661608,-0.36627697402657416,0.18591435944597845,0.3,0.32343735996388673,0.10732453327677605,0.21936733577043374,4,461.68675033014796,2015,"{""type"":""MultiPoint"",""coordinates"":[]}"
1_1_1_1_1_1_1_1_1_1_1_1_1_1_1_1_1_1_1_1_1_1_1_1_1_1_1_1_1_1_1_1_1_1_1_1_1_1_1_1_1_1_1_1_1_1_1_1_1_1_1_1_1_1_1_1_1_1_1_1_1_1_1_1_1_1_1_1_1_1_1_1_1_1_1_2_0,10,58264.123442630465,2500,329197.40763664537,-0.4161828552840007,0.20888073171754698,0,0.18597640178648173,0.06251361532226353,0.1625083703090616,5,4444.46247984952,2015,"{""type"":""MultiPoint"",""coordinates"":[]}"
1_1_1_1_1_1_1_1_1_1_1_1_1_1_1_1_1_1_1_1_1_1_1_1_1_1_1_1_1_1_1_1_1_1_1_1_1_1_1_1_1_1_1_1_1_1_1_1_1_1_1_1_1_1_1_1_1_1_1_1_1_1_1_1_1_1_1_1_1_1_1_1_1_1_2_0,10,58264.123442630465,2500,331863.07843587,-0.4161828552840007,0.20888073171754698,0.1,0.18597640178648173,0.06251361532226353,0.1625083703090616,5,1778.7916806223052,2015,"{""type"":""MultiPoint"",""coordinates"":[]}"
1_1_1_1_1_1_1_1_1_1_1_1_1_1_1_1_1_1_1_1_1_1_1_1_1_1_1_1_1_1_1_1_1_1_1_1_1_1_1_1_1_1_1_1_1_1_1_1_1_1_1_1_1_1_1_1_1_1_1_1_1_1_1_1_1_1_1_1_1_1_1_1_1_2_0,10,58264.123442630465,2500,332086.02575958864,-0.4161828552840007,0.20888073171754698,0.2,0.18597640178648173,0.06251361532226353,0.1625083703090616,5,1555.844356903433,2015,"{""type"":""MultiPoint"",""coordinates"":[]}"
1_1_1_1_1_1_1_1_1_1_1_1_1_1_1_1_1_1_1_1_1_1_1_1_1_1_1_1_1_1_1_1_1_1_1_1_1_1_1_1_1_1_1_1_1_1_1_1_1_1_1_1_1_1_1_1_1_1_1_1_1_1_1_1_1_1_1_1_1_1_1_1_2_0,10,58264.123442630465,2500,332421.5924000112,-0.4161828552840007,0.20888073171754698,0.3,0.18597640178648173,0.06251361532226353,0.1625083703090616,5,1220.2777164803924,2015,"{""type"":""MultiPoint"",""coordinates"":[]}"
1_1_1_1_1_1_1_1_1_1_1_1_1_1_1_1_1_1_1_1_1_1_1_1_1_1_1_1_1_1_1_1_1_1_1_1_1_1_1_1_1_1_1_1_1_1_1_1_1_1_1_1_1_1_1_1_1_1_1_1_1_1_1_1_1_1_1_1_1_1_1_2_0,10,58264.123442630465,2500,327396.37004909053,-0.37166468581153694,0.2048169601464344,0,0.34108811649885007,0.1062548494509964,0.23798594992189878,4,6245.50006740419,2016,"{""type"":""MultiPoint"",""coordinates"":[]}"
1_1_1_1_1_1_1_1_1_1_1_1_1_1_1_1_1_1_1_1_1_1_1_1_1_1_1_1_1_1_1_1_1_1_1_1_1_1_1_1_1_1_1_1_1_1_1_1_1_1_1_1_1_1_1_1_1_1_1_1_1_1_1_1_1_1_1_1_1_1_2_0,10,58264.123442630465,2500,331917.2871306315,-0.37166468581153694,0.2048169601464344,0.1,0.34108811649885007,0.1062548494509964,0.23798594992189878,4,1724.5829858605407,2016,"{""type"":""MultiPoint"",""coordinates"":[]}"
1_1_1_1_1_1_1_1_1_1_1_1_1_1_1_1_1_1_1_1_1_1_1_1_1_1_1_1_1_1_1_1_1_1_1_1_1_1_1_1_1_1_1_1_1_1_1_1_1_1_1_1_1_1_1_1_1_1_1_1_1_1_1_1_1_1_1_1_1_2_0,10,58264.123442630465,2500,332511.5388998096,-0.37166468581153694,0.2048169601464344,0.2,0.34108811649885007,0.1062548494509964,0.23798594992189878,4,1130.3312166816195,2016,"{""type"":""MultiPoint"",""coordinates"":[]}"
1_1_1_1_1_1_1_1_1_1_1_1_1_1_1_1_1_1_1_1_1_1_1_1_1_1_1_1_1_1_1_1_1_1_1_1_1_1_1_1_1_1_1_1_1_1_1_1_1_1_1_1_1_1_1_1_1_1_1_1_1_1_1_1_1_1_1_1_2_0,10,58264.123442630465,2500,332884.5948568815,-0.37166468581153694,0.2048169601464344,0.3,0.34108811649885007,0.1062548494509964,0.23798594992189878,4,757.2752596095593,2016,"{""type"":""MultiPoint"",""coordinates"":[]}"
1_1_1_1_1_1_1_1_1_1_1_1_1_1_1_1_1_1_1_1_1_1_1_1_1_1_1_1_1_1_1_1_1_1_1_1_1_1_1_1_1_1_1_1_1_1_1_1_1_1_1_1_1_1_1_1_1_1_1_1_1_1_1_1_1_1_1_2_0,10,58264.123442630465,2500,329070.67702783033,-0.423131952437182,0.21633658212275672,0,0.24407396180707558,0.05713766331704435,0.15484470947380885,5,4571.1930886649525,2016,"{""type"":""MultiPoint"",""coordinates"":[]}"
1_1_1_1_1_1_1_1_1_1_1_1_1_1_1_1_1_1_1_1_1_1_1_1_1_1_1_1_1_1_1_1_1_1_1_1_1_1_1_1_1_1_1_1_1_1_1_1_1_1_1_1_1_1_1_1_1_1_1_1_1_1_1_1_1_1_2_0,10,58264.123442630465,2500,331875.1689791495,-0.423131952437182,0.21633658212275672,0.1,0.24407396180707558,0.05713766331704435,0.15484470947380885,5,1766.7011373428934,2016,"{""type"":""MultiPoint"",""coordinates"":[]}"
1_1_1_1_1_1_1_1_1_1_1_1_1_1_1_1_1_1_1_1_1_1_1_1_1_1_1_1_1_1_1_1_1_1_1_1_1_1_1_1_1_1_1_1_1_1_1_1_1_1_1_1_1_1_1_1_1_1_1_1_1_1_1_1_1_2_0,10,58264.123442630465,2500,332076.34644408507,-0.423131952437182,0.21633658212275672,0.2,0.24407396180707558,0.05713766331704435,0.15484470947380885,5,1565.5236724068632,2016,"{""type"":""MultiPoint"",""coordinates"":[]}"
1_1_1_1_1_1_1_1_1_1_1_1_1_1_1_1_1_1_1_1_1_1_1_1_1_1_1_1_1_1_1_1_1_1_1_1_1_1_1_1_1_1_1_1_1_1_1_1_1_1_1_1_1_1_1_1_1_1_1_1_1_1_1_1_2_0,10,58264.123442630465,2500,332272.65041343536,-0.423131952437182,0.21633658212275672,0.3,0.24407396180707558,0.05713766331704435,0.15484470947380885,5,1369.2197030563736,2016,"{""type"":""MultiPoint"",""coordinates"":[]}"
1_1_1_1_1_1_1_1_1_1_1_1_1_1_1_1_1_1_1_1_1_1_1_1_1_1_1_1_1_1_1_1_1_1_1_1_1_1_1_1_1_1_1_1_1_1_1_1_1_1_1_1_1_1_1_1_1_1_1_1_1_1_1_2_0,10,58264.123442630465,2500,328339.23023172235,-0.36223110176722473,0.1944210981778853,0,0.39402076201174285,0.11994652496452088,0.24398199141868843,4,5302.639884772326,2017,"{""type"":""MultiPoint"",""coordinates"":[]}"
1_1_1_1_1_1_1_1_1_1_1_1_1_1_1_1_1_1_1_1_1_1_1_1_1_1_1_1_1_1_1_1_1_1_1_1_1_1_1_1_1_1_1_1_1_1_1_1_1_1_1_1_1_1_1_1_1_1_1_1_1_1_2_0,10,58264.123442630465,2500,331968.88377132715,-0.36223110176722473,0.1944210981778853,0.1,0.39402076201174285,0.11994652496452088,0.24398199141868843,4,1672.9863451651981,2017,"{""type"":""MultiPoint"",""coordinates"":[]}"
1_1_1_1_1_1_1_1_1_1_1_1_1_1_1_1_1_1_1_1_1_1_1_1_1_1_1_1_1_1_1_1_1_1_1_1_1_1_1_1_1_1_1_1_1_1_1_1_1_1_1_1_1_1_1_1_1_1_1_1_1_2_0,10,58264.123442630465,2500,332855.855035821,-0.36223110176722473,0.1944210981778853,0.2,0.39402076201174285,0.11994652496452088,0.24398199141868843,4,786.015080670343,2017,"{""type"":""MultiPoint"",""coordinates"":[]}"
1_1_1_1_1_1_1_1_1_1_1_1_1_1_1_1_1_1_1_1_1_1_1_1_1_1_1_1_1_1_1_1_1_1_1_1_1_1_1_1_1_1_1_1_1_1_1_1_1_1_1_1_1_1_1_1_1_1_1_1_2_0,10,58264.123442630465,2500,333134.7188772231,-0.36223110176722473,0.1944210981778853,0.3,0.39402076201174285,0.11994652496452088,0.24398199141868843,4,507.15123926789283,2017,"{""type"":""MultiPoint"",""coordinates"":[]}"
1_1_1_1_1_1_1_1_1_1_1_1_1_1_1_1_1_1_1_1_1_1_1_1_1_1_1_1_1_1_1_1_1_1_1_1_1_1_1_1_1_1_1_1_1_1_1_1_1_1_1_1_1_1_1_1_1_1_1_2_0,10,58264.123442630465,2500,329543.17126194236,-0.4058334621747512,0.21066756984405327,0,0.23482590989917007,0.07287203459633741,0.17744356008975593,5,4098.698854551972,2017,"{""type"":""MultiPoint"",""coordinates"":[]}"
1_1_1_1_1_1_1_1_1_1_1_1_1_1_1_1_1_1_1_1_1_1_1_1_1_1_1_1_1_1_1_1_1_1_1_1_1_1_1_1_1_1_1_1_1_1_1_1_1_1_1_1_1_1_1_1_1_1_2_0,10,58264.123442630465,2500,331932.1325297522,-0.4058334621747512,0.21066756984405327,0.1,0.23482590989917007,0.07287203459633741,0.17744356008975593,5,1709.7375867401977,2017,"{""type"":""MultiPoint"",""coordinates"":[]}"
1_1_1_1_1_1_1_1_1_1_1_1_1_1_1_1_1_1_1_1_1_1_1_1_1_1_1_1_1_1_1_1_1_1_1_1_1_1_1_1_1_1_1_1_1_1_1_1_1_1_1_1_1_1_1_1_1_2_0,10,58264.123442630465,2500,332167.6811615263,-0.4058334621747512,0.21066756984405327,0.2,0.23482590989917007,0.07287203459633741,0.17744356008975593,5,1474.1889549659327,2017,"{""type"":""MultiPoint"",""coordinates"":[]}"
1_1_1_1_1_1_1_1_1_1_1_1_1_1_1_1_1_1_1_1_1_1_1_1_1_1_1_1_1_1_1_1_1_1_1_1_1_1_1_1_1_1_1_1_1_1_1_1_1_1_1_1_1_1_1_1_2_0,10,58264.123442630465,2500,332566.2788763654,-0.4058334621747512,0.21066756984405327,0.3,0.23482590989917007,0.07287203459633741,0.17744356008975593,5,1075.5912401262249,2017,"{""type"":""MultiPoint"",""coordinates"":[]}"
1_1_1_1_1_1_1_1_1_1_1_1_1_1_1_1_1_1_1_1_1_1_1_1_1_1_1_1_1_1_1_1_1_1_1_1_1_1_1_1_1_1_1_1_1_1_1_1_1_1_1_1_1_1_1_2_0,10,58264.123442630465,2500,327426.16032780166,-0.3763905196945504,0.2104789805275634,0,0.3016450718249093,0.10538685375195965,0.27095424000265733,4,6215.709788694637,2018,"{""type"":""MultiPoint"",""coordinates"":[]}"
1_1_1_1_1_1_1_1_1_1_1_1_1_1_1_1_1_1_1_1_1_1_1_1_1_1_1_1_1_1_1_1_1_1_1_1_1_1_1_1_1_1_1_1_1_1_1_1_1_1_1_1_1_1_2_0,10,58264.123442630465,2500,332327.35151111183,-0.3763905196945504,0.2104789805275634,0.1,0.3016450718249093,0.10538685375195965,0.27095424000265733,4,1314.518605379903,2018,"{""type"":""MultiPoint"",""coordinates"":[]}"
1_1_1_1_1_1_1_1_1_1_1_1_1_1_1_1_1_1_1_1_1_1_1_1_1_1_1_1_1_1_1_1_1_1_1_1_1_1_1_1_1_1_1_1_1_1_1_1_1_1_1_1_1_2_0,10,58264.123442630465,2500,332782.5988611958,-0.3763905196945504,0.2104789805275634,0.2,0.3016450718249093,0.10538685375195965,0.27095424000265733,4,859.2712552953427,2018,"{""type"":""MultiPoint"",""coordinates"":[]}"
1_1_1_1_1_1_1_1_1_1_1_1_1_1_1_1_1_1_1_1_1_1_1_1_1_1_1_1_1_1_1_1_1_1_1_1_1_1_1_1_1_1_1_1_1_1_1_1_1_1_1_1_2_0,10,58264.123442630465,2500,333052.14210993494,-0.3763905196945504,0.2104789805275634,0.3,0.3016450718249093,0.10538685375195965,0.27095424000265733,4,589.7280065561276,2018,"{""type"":""MultiPoint"",""coordinates"":[]}"
1_1_1_1_1_1_1_1_1_1_1_1_1_1_1_1_1_1_1_1_1_1_1_1_1_1_1_1_1_1_1_1_1_1_1_1_1_1_1_1_1_1_1_1_1_1_1_1_1_1_1_2_0,10,58264.123442630465,2500,328602.59933473734,-0.4074402426780992,0.2179522274417476,0,0.21292447479664756,0.07501987604375367,0.2254427151394073,5,5039.270781757118,2018,"{""type"":""MultiPoint"",""coordinates"":[]}"
1_1_1_1_1_1_1_1_1_1_1_1_1_1_1_1_1_1_1_1_1_1_1_1_1_1_1_1_1_1_1_1_1_1_1_1_1_1_1_1_1_1_1_1_1_1_1_1_1_1_2_0,10,58264.123442630465,2500,332152.40603873704,-0.4074402426780992,0.2179522274417476,0.1,0.21292447479664756,0.07501987604375367,0.2254427151394073,5,1489.4640777549027,2018,"{""type"":""MultiPoint"",""coordinates"":[]}"
1_1_1_1_1_1_1_1_1_1_1_1_1_1_1_1_1_1_1_1_1_1_1_1_1_1_1_1_1_1_1_1_1_1_1_1_1_1_1_1_1_1_1_1_1_1_1_1_1_2_0,10,58264.123442630465,2500,332638.5069946336,-0.4074402426780992,0.2179522274417476,0.2,0.21292447479664756,0.07501987604375367,0.2254427151394073,5,1003.3631218578439,2018,"{""type"":""MultiPoint"",""coordinates"":[]}"
1_1_1_1_1_1_1_1_1_1_1_1_1_1_1_1_1_1_1_1_1_1_1_1_1_1_1_1_1_1_1_1_1_1_1_1_1_1_1_1_1_1_1_1_1_1_1_1_2_0,10,58264.123442630465,2500,332825.98608684907,-0.4074402426780992,0.2179522274417476,0.3,0.21292447479664756,0.07501987604375367,0.2254427151394073,5,815.8840296421566,2018,"{""type"":""MultiPoint"",""coordinates"":[]}"
1_1_1_1_1_1_1_1_1_1_1_1_1_1_1_1_1_1_1_1_1_1_1_1_1_1_1_1_1_1_1_1_1_1_1_1_1_1_1_1_1_1_1_1_1_1_1_2_0,10,58264.123442630465,2500,328784.79845926375,-0.3915727299270775,0.20004466532986112,0,0.28023766263601185,0.08988052695986444,0.23439985417578488,4,4856.410537355894,2019,"{""type"":""MultiPoint"",""coordinates"":[]}"
1_1_1_1_1_1_1_1_1_1_1_1_1_1_1_1_1_1_1_1_1_1_1_1_1_1_1_1_1_1_1_1_1_1_1_1_1_1_1_1_1_1_1_1_1_1_2_0,10,58264.123442630465,2500,332580.97528313356,-0.3915727299270775,0.20004466532986112,0.1,0.28023766263601185,0.08988052695986444,0.23439985417578488,4,1060.2337134833338,2019,"{""type"":""MultiPoint"",""coordinates"":[]}"
1_1_1_1_1_1_1_1_1_1_1_1_1_1_1_1_1_1_1_1_1_1_1_1_1_1_1_1_1_1_1_1_1_1_1_1_1_1_1_1_1_1_1_1_1_2_0,10,58264.123442630465,2500,333061.8382827482,-0.3915727299270775,0.20004466532986112,0.2,0.28023766263601185,0.08988052695986444,0.23439985417578488,4,579.3707138678924,2019,"{""type"":""MultiPoint"",""coordinates"":[]}"
1_1_1_1_1_1_1_1_1_1_1_1_1_1_1_1_1_1_1_1_1_1_1_1_1_1_1_1_1_1_1_1_1_1_1_1_1_1_1_1_1_1_1_1_2_0,10,58264.123442630465,2500,333266.605355671,-0.3915727299270775,0.20004466532986112,0.3,0.28023766263601185,0.08988052695986444,0.23439985417578488,4,374.60364094485345,2019,"{""type"":""MultiPoint"",""coordinates"":[]}"
1_1_1_1_1_1_1_1_1_1_1_1_1_1_1_1_1_1_1_1_1_1_1_1_1_1_1_1_1_1_1_1_1_1_1_1_1_1_1_1_1_1_1_2_0,10,58264.123442630465,2500,329322.1807534213,-0.4251829419891467,0.20676697997653187,0,0.18797944712170436,0.05848566248802938,0.18297479249363235,5,4319.028243198529,2019,"{""type"":""MultiPoint"",""coordinates"":[]}"
1_1_1_1_1_1_1_1_1_1_1_1_1_1_1_1_1_1_1_1_1_1_1_1_1_1_1_1_1_1_1_1_1_1_1_1_1_1_1_1_1_1_2_0,10,58264.123442630465,2500,332413.39856694604,-0.4251829419891467,0.20676697997653187,0.1,0.18797944712170436,0.05848566248802938,0.18297479249363235,5,1227.810429670833,2019,"{""type"":""MultiPoint"",""coordinates"":[]}"
1_1_1_1_1_1_1_1_1_1_1_1_1_1_1_1_1_1_1_1_1_1_1_1_1_1_1_1_1_1_1_1_1_1_1_1_1_1_1_1_1_2_0,10,58264.123442630465,2500,332968.85397021024,-0.4251829419891467,0.20676697997653187,0.2,0.18797944712170436,0.05848566248802938,0.18297479249363235,5,672.3550264061279,2019,"{""type"":""MultiPoint"",""coordinates"":[]}"
1_1_1_1_1_1_1_1_1_1_1_1_1_1_1_1_1_1_1_1_1_1_1_1_1_1_1_1_1_1_1_1_1_1_1_1_1_1_1_1_2_0,10,58264.123442630465,2500,333168.5687916753,-0.4251829419891467,0.20676697997653187,0.3,0.18797944712170436,0.05848566248802938,0.18297479249363235,5,472.64020494068694,2019,"{""type"":""MultiPoint"",""coordinates"":[]}"
1_1_1_1_1_1_1_1_1_1_1_1_1_1_1_1_1_1_1_1_1_1_1_1_1_1_1_1_1_1_1_1_1_1_1_1_1_1_1_2_0,10,58264.123442630465,2500,329186.8772646929,-0.39623981766425775,0.19231771230086667,0,0.26825383495432314,0.08222795001497193,0.18317205978616957,4,4453.670379302451,2020,"{""type"":""MultiPoint"",""coordinates"":[]}"
1_1_1_1_1_1_1_1_1_1_1_1_1_1_1_1_1_1_1_1_1_1_1_1_1_1_1_1_1_1_1_1_1_1_1_1_1_1_2_0,10,58264.123442630465,2500,332173.52432117425,-0.39623981766425775,0.19231771230086667,0.1,0.26825383495432314,0.08222795001497193,0.18317205978616957,4,1467.0233228178927,2020,"{""type"":""MultiPoint"",""coordinates"":[]}"
1_1_1_1_1_1_1_1_1_1_1_1_1_1_1_1_1_1_1_1_1_1_1_1_1_1_1_1_1_1_1_1_1_1_1_1_1_2_0,10,58264.123442630465,2500,332963.4996758099,-0.39623981766425775,0.19231771230086667,0.2,0.26825383495432314,0.08222795001497193,0.18317205978616957,4,677.0479681813727,2020,"{""type"":""MultiPoint"",""coordinates"":[]}"
1_1_1_1_1_1_1_1_1_1_1_1_1_1_1_1_1_1_1_1_1_1_1_1_1_1_1_1_1_1_1_1_1_1_1_1_2_0,10,58264.123442630465,2500,333216.4406169744,-0.39623981766425775,0.19231771230086667,0.3,0.26825383495432314,0.08222795001497193,0.18317205978616957,4,424.1070270166671,2020,"{""type"":""MultiPoint"",""coordinates"":[]}"
1_1_1_1_1_1_1_1_1_1_1_1_1_1_1_1_1_1_1_1_1_1_1_1_1_1_1_1_1_1_1_1_1_1_1_2_0,10,58264.123442630465,2500,330052.3624476919,-0.44606666700842784,0.20698979891845143,0,0.15032761554119822,0.03570072079296091,0.11895509753946827,5,3588.1851963024587,2020,"{""type"":""MultiPoint"",""coordinates"":[]}"
1_1_1_1_1_1_1_1_1_1_1_1_1_1_1_1_1_1_1_1_1_1_1_1_1_1_1_1_1_1_1_1_1_1_2_0,10,58264.123442630465,2500,332215.42816398793,-0.44606666700842784,0.20698979891845143,0.1,0.15032761554119822,0.03570072079296091,0.11895509753946827,5,1425.1194800041658,2020,"{""type"":""MultiPoint"",""coordinates"":[]}"
1_1_1_1_1_1_1_1_1_1_1_1_1_1_1_1_1_1_1_1_1_1_1_1_1_1_1_1_1_1_1_1_1_2_0,10,58264.123442630465,2500,332651.7736696229,-0.44606666700842784,0.20698979891845143,0.2,0.15032761554119822,0.03570072079296091,0.11895509753946827,5,988.7739743688729,2020,"{""type"":""MultiPoint"",""coordinates"":[]}"
1_1_1_1_1_1_1_1_1_1_1_1_1_1_1_1_1_1_1_1_1_1_1_1_1_1_1_1_1_1_1_1_2_0,10,58264.123442630465,2500,333006.49503616866,-0.44606666700842784,0.20698979891845143,0.3,0.15032761554119822,0.03570072079296091,0.11895509753946827,5,634.0526078227944,2020,"{""type"":""MultiPoint"",""coordinates"":[]}"
1_1_1_1_1_1_1_1_1_1_1_1_1_1_1_1_1_1_1_1_1_1_1_1_1_1_1_1_1_1_1_2_0,10,58264.123442630465,2500,329295.1311294253,-0.3686683603478225,0.1886794808373492,0,0.421912541798834,0.11398468592050716,0.2185051624027065,4,4346.738987069613,2021,"{""type"":""MultiPoint"",""coordinates"":[]}"
1_1_1_1_1_1_1_1_1_1_1_1_1_1_1_1_1_1_1_1_1_1_1_1_1_1_1_1_1_1_2_0,10,58264.123442630465,2500,332258.9452446287,-0.3686683603478225,0.1886794808373492,0.1,0.421912541798834,0.11398468592050716,0.2185051624027065,4,1382.9248718629901,2021,"{""type"":""MultiPoint"",""coordinates"":[]}"
1_1_1_1_1_1_1_1_1_1_1_1_1_1_1_1_1_1_1_1_1_1_1_1_1_1_1_1_1_2_0,10,58264.123442630465,2500,333000.8243494457,-0.3686683603478225,0.1886794808373492,0.2,0.421912541798834,0.11398468592050716,0.2185051624027065,4,641.0457670453435,2021,"{""type"":""MultiPoint"",""coordinates"":[]}"
1_1_1_1_1_1_1_1_1_1_1_1_1_1_1_1_1_1_1_1_1_1_1_1_1_1_1_1_2_0,10,58264.123442630465,2500,333226.06451171834,-0.3686683603478225,0.1886794808373492,0.3,0.421912541798834,0.11398468592050716,0.2185051624027065,4,415.8056047725499,2021,"{""type"":""MultiPoint"",""coordinates"":[]}"
1_1_1_1_1_1_1_1_1_1_1_1_1_1_1_1_1_1_1_1_1_1_1_1_1_1_1_2_0,10,58264.123442630465,2500,330015.37145836174,-0.4208724906559115,0.20641996722188688,0,0.19893546587659947,0.06022276397911332,0.14928085127337348,5,3626.4986581321136,2021,"{""type"":""MultiPoint"",""coordinates"":[]}"
1_1_1_1_1_1_1_1_1_1_1_1_1_1_1_1_1_1_1_1_1_1_1_1_1_1_2_0,10,58264.123442630465,2500,331990.05759188614,-0.4208724906559115,0.20641996722188688,0.1,0.19893546587659947,0.06022276397911332,0.14928085127337348,5,1651.812524606128,2021,"{""type"":""MultiPoint"",""coordinates"":[]}"
1_1_1_1_1_1_1_1_1_1_1_1_1_1_1_1_1_1_1_1_1_1_1_1_1_2_0,10,58264.123442630465,2500,332466.0171826661,-0.4208724906559115,0.20641996722188688,0.2,0.19893546587659947,0.06022276397911332,0.14928085127337348,5,1175.852933825491,2021,"{""type"":""MultiPoint"",""coordinates"":[]}"
1_1_1_1_1_1_1_1_1_1_1_1_1_1_1_1_1_1_1_1_1_1_1_1_2_0,10,58264.123442630465,2500,332747.47111525614,-0.4208724906559115,0.20641996722188688,0.3,0.19893546587659947,0.06022276397911332,0.14928085127337348,5,894.3990012352948,2021,"{""type"":""MultiPoint"",""coordinates"":[]}"
1_1_1_1_1_1_1_1_1_1_1_1_1_1_1_1_1_1_1_1_1_1_1_2_0,10,58264.123442630465,2500,329843.669290469,-0.37148273876402993,0.19131327070356832,0,0.326195358383303,0.09338111051728842,0.20337669695400687,4,3798.20082602525,2022,"{""type"":""MultiPoint"",""coordinates"":[]}"
1_1_1_1_1_1_1_1_1_1_1_1_1_1_1_1_1_1_1_1_1_1_2_0,10,58264.123442630465,2500,331979.8635791866,-0.37148273876402993,0.19131327070356832,0.1,0.326195358383303,0.09338111051728842,0.20337669695400687,4,1662.0065373056384,2022,"{""type"":""MultiPoint"",""coordinates"":[]}"
1_1_1_1_1_1_1_1_1_1_1_1_1_1_1_1_1_1_1_1_1_2_0,10,58264.123442630465,2500,332584.2773183212,-0.37148273876402993,0.19131327070356832,0.2,0.326195358383303,0.09338111051728842,0.20337669695400687,4,1057.5927981703446,2022,"{""type"":""MultiPoint"",""coordinates"":[]}"
1_1_1_1_1_1_1_1_1_1_1_1_1_1_1_1_1_1_1_1_2_0,10,58264.123442630465,2500,332922.26817009907,-0.37148273876402993,0.19131327070356832,0.3,0.326195358383303,0.09338111051728842,0.20337669695400687,4,719.6019463921574,2022,"{""type"":""MultiPoint"",""coordinates"":[]}"
1_1_1_1_1_1_1_1_1_1_1_1_1_1_1_1_1_1_1_2_0,10,58264.123442630465,2500,330415.2224934098,-0.41738570416657067,0.20444368397696677,0,0.15673329700036157,0.04541374907375074,0.12800128870835847,5,3226.647623082357,2022,"{""type"":""MultiPoint"",""coordinates"":[]}"
1_1_1_1_1_1_1_1_1_1_1_1_1_1_1_1_1_1_2_0,10,58264.123442630465,2500,331960.1860007044,-0.41738570416657067,0.20444368397696677,0.1,0.15673329700036157,0.04541374907375074,0.12800128870835847,5,1681.684115787991,2022,"{""type"":""MultiPoint"",""coordinates"":[]}"
1_1_1_1_1_1_1_1_1_1_1_1_1_1_1_1_1_2_0,10,58264.123442630465,2500,332194.6570913842,-0.41738570416657067,0.20444368397696677,0.2,0.15673329700036157,0.04541374907375074,0.12800128870835847,5,1447.2130251078447,2022,"{""type"":""MultiPoint"",""coordinates"":[]}"
1_1_1_1_1_1_1_1_1_1_1_1_1_1_1_1_2_0,10,58264.123442630465,2500,332561.02939591784,-0.41738570416657067,0.20444368397696677,0.3,0.15673329700036157,0.04541374907375074,0.12800128870835847,5,1080.8407205735284,2022,"{""type"":""MultiPoint"",""coordinates"":[]}"
1_1_1_1_1_1_1_1_1_1_1_1_1_1_1_2_0,10,58264.123442630465,2500,327093.6325899246,-0.3185862996650789,0.18565151100195673,0,0.4820846420784221,0.16043031132298222,0.31160327480203115,4,6548.2375265701285,2023,"{""type"":""MultiPoint"",""coordinates"":[]}"
1_1_1_1_1_1_1_1_1_1_1_1_1_1_2_0,10,58264.123442630465,2500,332469.17428020376,-0.3185862996650789,0.18565151100195673,0.1,0.4820846420784221,0.16043031132298222,0.31160327480203115,4,1172.6958362877472,2023,"{""type"":""MultiPoint"",""coordinates"":[]}"
1_1_1_1_1_1_1_1_1_1_1_1_1_2_0,10,58264.123442630465,2500,332807.176060335,-0.3185862996650789,0.18565151100195673,0.2,0.4820846420784221,0.16043031132298222,0.31160327480203115,4,834.6940561563722,2023,"{""type"":""MultiPoint"",""coordinates"":[]}"
1_1_1_1_1_1_1_1_1_1_1_1_2_0,10,58264.123442630465,2500,333124.8243157752,-0.3185862996650789,0.18565151100195673,0.3,0.4820846420784221,0.16043031132298222,0.31160327480203115,4,517.0458007159318,2023,"{""type"":""MultiPoint"",""coordinates"":[]}"
1_1_1_1_1_1_1_1_1_1_1_2_0,10,58264.123442630465,2500,328469.73971075163,-0.37084229404254815,0.2122106309634037,0,0.3165538993344534,0.10462510392961563,0.2515676185882175,5,5172.1304057429115,2023,"{""type"":""MultiPoint"",""coordinates"":[]}"
1_1_1_1_1_1_1_1_1_1_2_0,10,58264.123442630465,2500,332291.7583499599,-0.37084229404254815,0.2122106309634037,0.1,0.3165538993344534,0.10462510392961563,0.2515676185882175,5,1350.1117665318636,2023,"{""type"":""MultiPoint"",""coordinates"":[]}"
1_1_1_1_1_1_1_1_1_2_0,10,58264.123442630465,2500,332675.3965129983,-0.37084229404254815,0.2122106309634037,0.2,0.3165538993344534,0.10462510392961563,0.2515676185882175,5,966.4736034931377,2023,"{""type"":""MultiPoint"",""coordinates"":[]}"
1_1_1_1_1_1_1_1_2_0,10,58264.123442630465,2500,332891.73467260675,-0.37084229404254815,0.2122106309634037,0.3,0.3165538993344534,0.10462510392961563,0.2515676185882175,5,750.1354438845586,2023,"{""type"":""MultiPoint"",""coordinates"":[]}"
1_1_1_1_1_1_1_2_0,10,58264.123442630465,2500,328631.65077905083,-0.373800901563302,0.1984105866447445,0,0.355143122512574,0.10646783161396021,0.23387148308877984,4,5008.897563569633,2024,"{""type"":""MultiPoint"",""coordinates"":[]}"
1_1_1_1_1_1_2_0,10,58264.123442630465,2500,332120.5137844672,-0.373800901563302,0.1984105866447445,0.1,0.355143122512574,0.10646783161396021,0.23387148308877984,4,1520.03455815,2024,"{""type"":""MultiPoint"",""coordinates"":[]}"
1_1_1_1_1_2_0,10,58264.123442630465,2500,332902.8982169618,-0.373800901563302,0.1984105866447445,0.2,0.355143122512574,0.10646783161396021,0.23387148308877984,4,737.6501256544117,2024,"{""type"":""MultiPoint"",""coordinates"":[]}"
1_1_1_1_2_0,10,58264.123442630465,2500,333194.85335748683,-0.373800901563302,0.1984105866447445,0.3,0.355143122512574,0.10646783161396021,0.23387148308877984,4,445.69498512916743,2024,"{""type"":""MultiPoint"",""coordinates"":[]}"
1_1_1_2_0,10,58264.123442630465,2500,330233.1096947283,-0.44601930259303585,0.21147131558896587,0,0.1757307057643145,0.04257858091635609,0.12614069164599054,5,3407.438647890201,2024,"{""type"":""MultiPoint"",""coordinates"":[]}"
1_1_2_0,10,58264.123442630465,2500,332090.5145082105,-0.44601930259303585,0.21147131558896587,0.1,0.1757307057643145,0.04257858091635609,0.12614069164599054,5,1550.0338344068628,2024,"{""type"":""MultiPoint"",""coordinates"":[]}"
1_2_0,10,58264.123442630465,2500,332511.1051113374,-0.44601930259303585,0.21147131558896587,0.2,0.1757307057643145,0.04257858091635609,0.12614069164599054,5,1129.443231279411,2024,"{""type"":""MultiPoint"",""coordinates"":[]}"
2_0,10,58264.123442630465,2500,332870.32719007076,-0.44601930259303585,0.21147131558896587,0.3,0.1757307057643145,0.04257858091635609,0.12614069164599054,5,770.2211525458337,2024,"{""type"":""MultiPoint"",""coordinates"":[]}"
